;OTIMIZADOR;MODELO;SEED;Hidden Layers;Alpha;Activation;Fitness
2034;SA;MLP;10000;305;0.97;tanh;0.287
2035;SA;MLP;10000;305;0.97;tanh;0.287
2036;SA;MLP;10000;305;0.97;tanh;0.287
2037;SA;MLP;10000;305;0.97;tanh;0.287
2038;SA;MLP;10000;305;0.97;tanh;0.287
2039;SA;MLP;10000;202;0.05;logistic;0.271
2040;SA;MLP;10000;202;0.05;logistic;0.271
2041;SA;MLP;10000;202;0.05;logistic;0.271
2042;SA;MLP;10000;202;0.05;logistic;0.271
2043;SA;MLP;10000;361;0.11;logistic;0.259
2044;SA;MLP;10000;361;0.11;logistic;0.259
2045;SA;MLP;10000;361;0.11;logistic;0.259
2046;SA;MLP;10000;361;0.11;logistic;0.259
2047;SA;MLP;10000;361;0.11;logistic;0.259
2048;SA;MLP;10000;230;0.78;identity;0.232
2049;SA;MLP;10000;230;0.78;identity;0.232
2050;SA;MLP;10000;230;0.78;identity;0.232
2051;SA;MLP;10000;230;0.78;identity;0.232
2052;SA;MLP;10000;230;0.78;identity;0.232
2053;SA;MLP;10000;230;0.78;identity;0.232
2054;SA;MLP;10000;230;0.78;identity;0.232
2055;SA;MLP;10000;230;0.78;identity;0.232
2056;SA;MLP;10000;230;0.78;identity;0.232
2057;SA;MLP;10000;230;0.78;identity;0.232
2058;SA;MLP;10000;230;0.78;identity;0.232
2059;SA;MLP;10000;230;0.78;identity;0.232
2060;SA;MLP;10000;230;0.78;identity;0.232
2061;SA;MLP;10000;230;0.78;identity;0.232
2062;SA;MLP;10000;230;0.78;identity;0.232
2063;SA;MLP;10000;230;0.78;identity;0.232
2064;SA;MLP;10000;230;0.78;identity;0.232
2065;SA;MLP;10000;230;0.78;identity;0.232
2066;SA;MLP;10000;230;0.78;identity;0.232
2067;SA;MLP;10000;230;0.78;identity;0.232
2068;SA;MLP;10000;230;0.78;identity;0.232
2069;SA;MLP;10000;230;0.78;identity;0.232
2070;SA;MLP;10000;230;0.78;identity;0.232
2071;SA;MLP;10000;230;0.78;identity;0.232
2072;SA;MLP;10000;230;0.78;identity;0.232
2073;SA;MLP;10000;230;0.78;identity;0.232
2074;SA;MLP;10000;230;0.78;identity;0.232
2075;SA;MLP;10000;230;0.78;identity;0.232
2076;SA;MLP;10000;230;0.78;identity;0.232
2077;SA;MLP;10000;230;0.78;identity;0.232
2078;SA;MLP;10000;230;0.78;identity;0.232
2079;SA;MLP;10000;230;0.78;identity;0.232
2080;SA;MLP;10000;230;0.78;identity;0.232
2081;SA;MLP;10000;230;0.78;identity;0.232
2082;SA;MLP;10000;230;0.78;identity;0.232
2083;SA;MLP;10000;230;0.78;identity;0.232
2084;SA;MLP;10000;230;0.78;identity;0.232
2085;SA;MLP;10000;230;0.78;identity;0.232
2086;SA;MLP;10000;230;0.78;identity;0.232
2087;SA;MLP;10000;230;0.78;identity;0.232
2088;SA;MLP;10000;230;0.78;identity;0.232
2089;SA;MLP;10000;230;0.78;identity;0.232
2090;SA;MLP;10000;230;0.78;identity;0.232
2091;SA;MLP;10000;230;0.78;identity;0.232
2092;SA;MLP;10000;230;0.78;identity;0.232
2093;SA;MLP;10000;230;0.78;identity;0.232
2094;SA;MLP;10000;230;0.78;identity;0.232
2095;SA;MLP;10000;230;0.78;identity;0.232
2096;SA;MLP;10000;230;0.78;identity;0.232
2097;SA;MLP;10000;230;0.78;identity;0.232
2098;SA;MLP;10000;230;0.78;identity;0.232
2099;SA;MLP;10000;230;0.78;identity;0.232
2100;SA;MLP;10000;230;0.78;identity;0.232
2101;SA;MLP;10000;230;0.78;identity;0.232
2102;SA;MLP;10000;230;0.78;identity;0.232
2103;SA;MLP;10000;230;0.78;identity;0.232
2104;SA;MLP;10000;230;0.78;identity;0.232
2105;SA;MLP;10000;230;0.78;identity;0.232
2106;SA;MLP;10000;230;0.78;identity;0.232
2107;SA;MLP;10000;230;0.78;identity;0.232
2108;SA;MLP;10000;230;0.78;identity;0.232
2109;SA;MLP;10000;230;0.78;identity;0.232
2110;SA;MLP;10000;230;0.78;identity;0.232
2111;SA;MLP;10000;230;0.78;identity;0.232
2112;SA;MLP;10000;230;0.78;identity;0.232
2113;SA;MLP;10000;230;0.78;identity;0.232
2114;SA;MLP;10000;230;0.78;identity;0.232
2115;SA;MLP;10000;230;0.78;identity;0.232
2116;SA;MLP;10000;230;0.78;identity;0.232
2117;SA;MLP;10000;230;0.78;identity;0.232
2118;SA;MLP;10000;230;0.78;identity;0.232
2119;SA;MLP;10000;230;0.78;identity;0.232
2120;SA;MLP;10000;230;0.78;identity;0.232
2121;SA;MLP;10000;230;0.78;identity;0.232
2122;SA;MLP;10000;230;0.78;identity;0.232
2123;SA;MLP;10000;230;0.78;identity;0.232
2124;SA;MLP;10000;230;0.78;identity;0.232
2125;SA;MLP;10000;230;0.78;identity;0.232
2126;SA;MLP;10000;230;0.78;identity;0.232
2127;SA;MLP;10000;230;0.78;identity;0.232
2128;SA;MLP;10000;230;0.78;identity;0.232
2129;SA;MLP;10000;230;0.78;identity;0.232
2130;SA;MLP;10000;230;0.78;identity;0.232
2131;SA;MLP;10000;230;0.78;identity;0.232
2132;SA;MLP;10000;230;0.78;identity;0.232
2133;SA;MLP;10000;230;0.78;identity;0.232
2134;SA;MLP;10000;230;0.78;identity;0.232
2135;SA;MLP;10000;230;0.78;identity;0.232
2136;SA;MLP;10000;230;0.78;identity;0.232
2137;SA;MLP;10000;230;0.78;identity;0.232
2138;SA;MLP;10000;230;0.78;identity;0.232
2139;SA;MLP;10000;230;0.78;identity;0.232
2140;SA;MLP;10000;230;0.78;identity;0.232
2141;SA;MLP;10000;230;0.78;identity;0.232
2142;SA;MLP;10000;230;0.78;identity;0.232
2143;SA;MLP;10000;230;0.78;identity;0.232
2144;SA;MLP;10000;230;0.78;identity;0.232
2145;SA;MLP;10000;230;0.78;identity;0.232
2146;SA;MLP;10000;230;0.78;identity;0.232
2147;SA;MLP;10000;230;0.78;identity;0.232
2148;SA;MLP;10000;230;0.78;identity;0.232
2149;SA;MLP;10000;230;0.78;identity;0.232
2150;SA;MLP;10000;230;0.78;identity;0.232
2151;SA;MLP;10000;230;0.78;identity;0.232
2152;SA;MLP;10000;230;0.78;identity;0.232
2153;SA;MLP;10000;230;0.78;identity;0.232
2154;SA;MLP;10000;230;0.78;identity;0.232
2155;SA;MLP;10000;230;0.78;identity;0.232
2156;SA;MLP;10000;230;0.78;identity;0.232
2157;SA;MLP;10000;230;0.78;identity;0.232
2158;SA;MLP;10000;230;0.78;identity;0.232
2159;SA;MLP;10000;230;0.78;identity;0.232
2160;SA;MLP;10000;230;0.78;identity;0.232
2161;SA;MLP;10000;230;0.78;identity;0.232
2162;SA;MLP;10000;230;0.78;identity;0.232
2163;SA;MLP;10000;230;0.78;identity;0.232
2164;SA;MLP;10000;230;0.78;identity;0.232
2165;SA;MLP;10000;230;0.78;identity;0.232
2166;SA;MLP;10000;230;0.78;identity;0.232
2167;SA;MLP;10000;230;0.78;identity;0.232
2168;SA;MLP;10000;230;0.78;identity;0.232
2169;SA;MLP;10000;230;0.78;identity;0.232
2170;SA;MLP;10000;230;0.78;identity;0.232
2171;SA;MLP;10000;230;0.78;identity;0.232
2172;SA;MLP;10000;230;0.78;identity;0.232
2173;SA;MLP;10000;230;0.78;identity;0.232
2174;SA;MLP;10000;230;0.78;identity;0.232
2175;SA;MLP;10000;230;0.78;identity;0.232
2176;SA;MLP;10000;230;0.78;identity;0.232
2177;SA;MLP;10000;230;0.78;identity;0.232
2178;SA;MLP;10000;230;0.78;identity;0.232
2179;SA;MLP;10000;230;0.78;identity;0.232
2180;SA;MLP;10000;230;0.78;identity;0.232
2181;SA;MLP;10000;230;0.78;identity;0.232
2182;SA;MLP;10000;230;0.78;identity;0.232
2183;SA;MLP;10000;230;0.78;identity;0.232
2184;SA;MLP;10000;230;0.78;identity;0.232
2185;SA;MLP;10000;230;0.78;identity;0.232
2186;SA;MLP;10000;230;0.78;identity;0.232
2187;SA;MLP;10000;230;0.78;identity;0.232
2188;SA;MLP;10000;230;0.78;identity;0.232
2189;SA;MLP;10000;230;0.78;identity;0.232
2190;SA;MLP;10000;230;0.78;identity;0.232
2191;SA;MLP;10000;230;0.78;identity;0.232
2192;SA;MLP;10000;230;0.78;identity;0.232
2193;SA;MLP;10000;230;0.78;identity;0.232
2194;SA;MLP;10000;230;0.78;identity;0.232
2195;SA;MLP;10000;230;0.78;identity;0.232
2196;SA;MLP;10000;230;0.78;identity;0.232
2197;SA;MLP;10000;230;0.78;identity;0.232
2198;SA;MLP;10000;230;0.78;identity;0.232
2199;SA;MLP;10000;230;0.78;identity;0.232
2200;SA;MLP;10000;230;0.78;identity;0.232
2201;SA;MLP;10000;230;0.78;identity;0.232
2202;SA;MLP;10000;230;0.78;identity;0.232
2203;SA;MLP;10000;230;0.78;identity;0.232
2204;SA;MLP;10000;230;0.78;identity;0.232
2205;SA;MLP;10000;230;0.78;identity;0.232
2206;SA;MLP;10000;230;0.78;identity;0.232
2207;SA;MLP;10000;230;0.78;identity;0.232
2208;SA;MLP;10000;230;0.78;identity;0.232
2209;SA;MLP;10000;230;0.78;identity;0.232
2210;SA;MLP;10000;230;0.78;identity;0.232
2211;SA;MLP;10000;230;0.78;identity;0.232
2212;SA;MLP;10000;230;0.78;identity;0.232
2213;SA;MLP;10000;230;0.78;identity;0.232
2214;SA;MLP;10000;230;0.78;identity;0.232
2215;SA;MLP;10000;230;0.78;identity;0.232
2216;SA;MLP;10000;230;0.78;identity;0.232
2217;SA;MLP;10000;230;0.78;identity;0.232
2218;SA;MLP;10000;230;0.78;identity;0.232
2219;SA;MLP;10000;230;0.78;identity;0.232
2220;SA;MLP;10000;230;0.78;identity;0.232
2221;SA;MLP;10000;230;0.78;identity;0.232
2222;SA;MLP;10000;230;0.78;identity;0.232
2223;SA;MLP;10000;230;0.78;identity;0.232
2224;SA;MLP;10000;230;0.78;identity;0.232
2225;SA;MLP;10000;230;0.78;identity;0.232
2226;SA;MLP;10000;230;0.78;identity;0.232
2227;SA;MLP;10000;230;0.78;identity;0.232
2228;SA;MLP;10000;230;0.78;identity;0.232
2229;SA;MLP;10000;230;0.78;identity;0.232
2230;SA;MLP;10000;230;0.78;identity;0.232
2231;SA;MLP;10000;230;0.78;identity;0.232
2232;SA;MLP;10000;230;0.78;identity;0.232
2233;SA;MLP;10000;230;0.78;identity;0.232
2234;SA;MLP;10000;230;0.78;identity;0.232
2235;SA;MLP;10000;230;0.78;identity;0.232
2236;SA;MLP;10000;230;0.78;identity;0.232
2237;SA;MLP;10000;230;0.78;identity;0.232
2238;SA;MLP;10000;230;0.78;identity;0.232
2239;SA;MLP;10000;230;0.78;identity;0.232
2240;SA;MLP;10000;230;0.78;identity;0.232
2241;SA;MLP;10000;230;0.78;identity;0.232
2242;SA;MLP;10000;230;0.78;identity;0.232
2243;SA;MLP;10000;230;0.78;identity;0.232
2244;SA;MLP;10000;230;0.78;identity;0.232
2245;SA;MLP;10000;230;0.78;identity;0.232
2246;SA;MLP;10000;230;0.78;identity;0.232
2247;SA;MLP;10000;230;0.78;identity;0.232
2248;SA;MLP;10000;230;0.78;identity;0.232
2249;SA;MLP;10000;230;0.78;identity;0.232
2250;SA;MLP;10000;230;0.78;identity;0.232
2251;SA;MLP;10000;230;0.78;identity;0.232
2252;SA;MLP;10000;230;0.78;identity;0.232
2253;SA;MLP;10000;230;0.78;identity;0.232
2254;SA;MLP;10000;230;0.78;identity;0.232
2255;SA;MLP;10000;230;0.78;identity;0.232
2256;SA;MLP;10000;230;0.78;identity;0.232
2257;SA;MLP;10000;230;0.78;identity;0.232
2258;SA;MLP;10000;230;0.78;identity;0.232
2259;SA;MLP;10000;230;0.78;identity;0.232
