PERIODO;CONSUMO;CAMPUS;REGIÃO;ORDEM
2017-09-30;8788.0;CASCAVEL;REGIÃO OESTE;1
2017-10-31;8554.0;CASCAVEL;REGIÃO OESTE;2
2017-11-30;7846.0;CASCAVEL;REGIÃO OESTE;3
2017-12-31;7527.0;CASCAVEL;REGIÃO OESTE;4
2018-01-31;5719.0;CASCAVEL;REGIÃO OESTE;5
2018-02-28;8067.0;CASCAVEL;REGIÃO OESTE;6
2018-03-31;12313.0;CASCAVEL;REGIÃO OESTE;7
2018-04-30;10630.0;CASCAVEL;REGIÃO OESTE;8
2018-05-31;9347.0;CASCAVEL;REGIÃO OESTE;9
2018-06-30;7674.0;CASCAVEL;REGIÃO OESTE;10
2018-07-31;8124.0;CASCAVEL;REGIÃO OESTE;11
2018-08-31;8606.0;CASCAVEL;REGIÃO OESTE;12
2018-09-30;8728.0;CASCAVEL;REGIÃO OESTE;13
2018-10-31;9645.0;CASCAVEL;REGIÃO OESTE;14
2018-11-30;10085.0;CASCAVEL;REGIÃO OESTE;15
2018-12-31;10182.0;CASCAVEL;REGIÃO OESTE;16
2019-01-31;8229.0;CASCAVEL;REGIÃO OESTE;17
2019-02-28;9545.0;CASCAVEL;REGIÃO OESTE;18
2019-03-31;12931.0;CASCAVEL;REGIÃO OESTE;19
2019-04-30;12808.0;CASCAVEL;REGIÃO OESTE;20
2019-05-31;10952.0;CASCAVEL;REGIÃO OESTE;21
2019-06-30;9832.0;CASCAVEL;REGIÃO OESTE;22
2019-07-31;9273.0;CASCAVEL;REGIÃO OESTE;23
2019-08-31;10608.0;CASCAVEL;REGIÃO OESTE;24
2019-09-30;11700.0;CASCAVEL;REGIÃO OESTE;25
2019-10-31;12114.0;CASCAVEL;REGIÃO OESTE;26
2019-11-30;11540.0;CASCAVEL;REGIÃO OESTE;27
2019-12-31;10044.0;CASCAVEL;REGIÃO OESTE;28
2020-01-31;9488.0;CASCAVEL;REGIÃO OESTE;29
2020-02-29;12272.0;CASCAVEL;REGIÃO OESTE;30
2020-03-31;10977.0;CASCAVEL;REGIÃO OESTE;31
2020-04-30;5081.0;CASCAVEL;REGIÃO OESTE;32
2020-05-31;5210.0;CASCAVEL;REGIÃO OESTE;33
2020-06-30;4873.0;CASCAVEL;REGIÃO OESTE;34
2020-07-31;4958.0;CASCAVEL;REGIÃO OESTE;35
2020-08-31;5041.0;CASCAVEL;REGIÃO OESTE;36
2020-09-30;5240.0;CASCAVEL;REGIÃO OESTE;37
2020-10-31;6324.0;CASCAVEL;REGIÃO OESTE;38
2020-11-30;5550.0;CASCAVEL;REGIÃO OESTE;39
2020-12-31;5053.0;CASCAVEL;REGIÃO OESTE;40
2021-01-31;4805.0;CASCAVEL;REGIÃO OESTE;41
2021-02-28;4816.0;CASCAVEL;REGIÃO OESTE;42
2021-03-31;5115.0;CASCAVEL;REGIÃO OESTE;43
2021-04-30;4620.0;CASCAVEL;REGIÃO OESTE;44
2021-05-31;4185.0;CASCAVEL;REGIÃO OESTE;45
2021-06-30;4260.0;CASCAVEL;REGIÃO OESTE;46
2021-07-31;4402.0;CASCAVEL;REGIÃO OESTE;47
2021-08-31;4557.0;CASCAVEL;REGIÃO OESTE;48
2021-09-30;4980.0;CASCAVEL;REGIÃO OESTE;49
2021-10-31;7130.0;CASCAVEL;REGIÃO OESTE;50
2021-11-30;11550.0;CASCAVEL;REGIÃO OESTE;51
2021-12-31;12710.0;CASCAVEL;REGIÃO OESTE;52
2022-01-31;8804.0;CASCAVEL;REGIÃO OESTE;53
2022-02-28;7056.0;CASCAVEL;REGIÃO OESTE;54
2022-03-31;15624.0;CASCAVEL;REGIÃO OESTE;55
2022-04-30;10980.0;CASCAVEL;REGIÃO OESTE;56
2022-05-31;11253.0;CASCAVEL;REGIÃO OESTE;57
2022-06-30;10620.0;CASCAVEL;REGIÃO OESTE;58
2022-07-31;8897.0;CASCAVEL;REGIÃO OESTE;59
2022-08-31;10850.0;CASCAVEL;REGIÃO OESTE;60
2022-09-30;10560.0;CASCAVEL;REGIÃO OESTE;61
2022-10-31;11346.0;CASCAVEL;REGIÃO OESTE;62
2022-11-30;11880.0;CASCAVEL;REGIÃO OESTE;63
2022-12-31;11966.0;CASCAVEL;REGIÃO OESTE;64
2023-01-31;7161.0;CASCAVEL;REGIÃO OESTE;65
2023-02-28;10500.0;CASCAVEL;REGIÃO OESTE;66
2023-03-31;16709.0;CASCAVEL;REGIÃO OESTE;67
2023-04-30;11130.0;CASCAVEL;REGIÃO OESTE;68
2023-05-31;11439.0;CASCAVEL;REGIÃO OESTE;69
2023-06-30;11430.0;CASCAVEL;REGIÃO OESTE;70
2023-07-31;8153.0;CASCAVEL;REGIÃO OESTE;71
2023-08-31;12524.0;CASCAVEL;REGIÃO OESTE;72
2023-09-30;15060.0;CASCAVEL;REGIÃO OESTE;73
2023-10-31;13702.0;CASCAVEL;REGIÃO OESTE;74
2023-11-30;14070.0;CASCAVEL;REGIÃO OESTE;75
2023-12-31;12059.0;CASCAVEL;REGIÃO OESTE;76
2024-01-31;7192.0;CASCAVEL;REGIÃO OESTE;77
2024-02-29;15747.0;CASCAVEL;REGIÃO OESTE;78
2024-03-31;19499.0;CASCAVEL;REGIÃO OESTE;79
2024-04-30;12330.0;CASCAVEL;REGIÃO OESTE;80
2024-05-31;6696.0;CASCAVEL;REGIÃO OESTE;81
2024-06-30;5490.0;CASCAVEL;REGIÃO OESTE;82
2024-07-31;9672.0;CASCAVEL;REGIÃO OESTE;83
2024-08-31;12555.0;CASCAVEL;REGIÃO OESTE;84
2024-09-30;14460.0;CASCAVEL;REGIÃO OESTE;85
2024-10-31;17825.0;CASCAVEL;REGIÃO OESTE;86
