;OTIMIZADOR;MODELO;CLASSES;SEED;N_estimators;Max_depth;Booster;Lambda;Alpha;Fitness
1130;SA;XGBoost;5;6000;99;151;gbtree;0.925;0.225;-0.45
1131;SA;XGBoost;5;6000;177;388;gbtree;0.065;0.485;-0.45
1132;SA;XGBoost;5;6000;177;388;gbtree;0.065;0.485;-0.45
1133;SA;XGBoost;5;6000;177;388;gbtree;0.065;0.485;-0.45
1134;SA;XGBoost;5;6000;177;388;gbtree;0.065;0.485;-0.45
1135;SA;XGBoost;5;6000;177;388;gbtree;0.065;0.485;-0.45
1136;SA;XGBoost;5;6000;177;388;gbtree;0.065;0.485;-0.45
1137;SA;XGBoost;5;6000;177;388;gbtree;0.065;0.485;-0.45
1138;SA;XGBoost;5;6000;177;388;gbtree;0.065;0.485;-0.45
1139;SA;XGBoost;5;6000;268;191;gbtree;0.06;0.945;-0.475
1140;SA;XGBoost;5;6000;268;191;gbtree;0.06;0.945;-0.475
1141;SA;XGBoost;5;6000;268;191;gbtree;0.06;0.945;-0.475
1142;SA;XGBoost;5;6000;268;191;gbtree;0.06;0.945;-0.475
1143;SA;XGBoost;5;6000;268;191;gbtree;0.06;0.945;-0.475
1144;SA;XGBoost;5;6000;268;191;gbtree;0.06;0.945;-0.475
1145;SA;XGBoost;5;6000;268;191;gbtree;0.06;0.945;-0.475
1146;SA;XGBoost;5;6000;268;191;gbtree;0.06;0.945;-0.475
1147;SA;XGBoost;5;6000;268;191;gbtree;0.06;0.945;-0.475
1148;SA;XGBoost;5;6000;268;191;gbtree;0.06;0.945;-0.475
1149;SA;XGBoost;5;6000;268;191;gbtree;0.06;0.945;-0.475
1150;SA;XGBoost;5;6000;268;191;gbtree;0.06;0.945;-0.475
1151;SA;XGBoost;5;6000;268;191;gbtree;0.06;0.945;-0.475
1152;SA;XGBoost;5;6000;268;191;gbtree;0.06;0.945;-0.475
1153;SA;XGBoost;5;6000;268;191;gbtree;0.06;0.945;-0.475
1154;SA;XGBoost;5;6000;268;191;gbtree;0.06;0.945;-0.475
1155;SA;XGBoost;5;6000;268;191;gbtree;0.06;0.945;-0.475
1156;SA;XGBoost;5;6000;268;191;gbtree;0.06;0.945;-0.475
1157;SA;XGBoost;5;6000;268;191;gbtree;0.06;0.945;-0.475
1158;SA;XGBoost;5;6000;268;191;gbtree;0.06;0.945;-0.475
1159;SA;XGBoost;5;6000;268;191;gbtree;0.06;0.945;-0.475
1160;SA;XGBoost;5;6000;268;191;gbtree;0.06;0.945;-0.475
1161;SA;XGBoost;5;6000;268;191;gbtree;0.06;0.945;-0.475
1162;SA;XGBoost;5;6000;268;191;gbtree;0.06;0.945;-0.475
1163;SA;XGBoost;5;6000;268;191;gbtree;0.06;0.945;-0.475
1164;SA;XGBoost;5;6000;268;191;gbtree;0.06;0.945;-0.475
1165;SA;XGBoost;5;6000;268;191;gbtree;0.06;0.945;-0.475
1166;SA;XGBoost;5;6000;268;191;gbtree;0.06;0.945;-0.475
1167;SA;XGBoost;5;6000;268;191;gbtree;0.06;0.945;-0.475
1168;SA;XGBoost;5;6000;268;191;gbtree;0.06;0.945;-0.475
1169;SA;XGBoost;5;6000;268;191;gbtree;0.06;0.945;-0.475
1170;SA;XGBoost;5;6000;268;191;gbtree;0.06;0.945;-0.475
1171;SA;XGBoost;5;6000;268;191;gbtree;0.06;0.945;-0.475
1172;SA;XGBoost;5;6000;268;191;gbtree;0.06;0.945;-0.475
1173;SA;XGBoost;5;6000;268;191;gbtree;0.06;0.945;-0.475
1174;SA;XGBoost;5;6000;268;191;gbtree;0.06;0.945;-0.475
1175;SA;XGBoost;5;6000;268;191;gbtree;0.06;0.945;-0.475
1176;SA;XGBoost;5;6000;268;191;gbtree;0.06;0.945;-0.475
1177;SA;XGBoost;5;6000;268;191;gbtree;0.06;0.945;-0.475
1178;SA;XGBoost;5;6000;268;191;gbtree;0.06;0.945;-0.475
1179;SA;XGBoost;5;6000;268;191;gbtree;0.06;0.945;-0.475
1180;SA;XGBoost;5;6000;268;191;gbtree;0.06;0.945;-0.475
1181;SA;XGBoost;5;6000;268;191;gbtree;0.06;0.945;-0.475
1182;SA;XGBoost;5;6000;268;191;gbtree;0.06;0.945;-0.475
1183;SA;XGBoost;5;6000;268;191;gbtree;0.06;0.945;-0.475
1184;SA;XGBoost;5;6000;268;191;gbtree;0.06;0.945;-0.475
1185;SA;XGBoost;5;6000;268;191;gbtree;0.06;0.945;-0.475
1186;SA;XGBoost;5;6000;268;191;gbtree;0.06;0.945;-0.475
1187;SA;XGBoost;5;6000;268;191;gbtree;0.06;0.945;-0.475
1188;SA;XGBoost;5;6000;268;191;gbtree;0.06;0.945;-0.475
1189;SA;XGBoost;5;6000;268;191;gbtree;0.06;0.945;-0.475
1190;SA;XGBoost;5;6000;268;191;gbtree;0.06;0.945;-0.475
1191;SA;XGBoost;5;6000;268;191;gbtree;0.06;0.945;-0.475
1192;SA;XGBoost;5;6000;268;191;gbtree;0.06;0.945;-0.475
1193;SA;XGBoost;5;6000;268;191;gbtree;0.06;0.945;-0.475
1194;SA;XGBoost;5;6000;268;191;gbtree;0.06;0.945;-0.475
1195;SA;XGBoost;5;6000;268;191;gbtree;0.06;0.945;-0.475
1196;SA;XGBoost;5;6000;268;191;gbtree;0.06;0.945;-0.475
1197;SA;XGBoost;5;6000;268;191;gbtree;0.06;0.945;-0.475
1198;SA;XGBoost;5;6000;268;191;gbtree;0.06;0.945;-0.475
1199;SA;XGBoost;5;6000;268;191;gbtree;0.06;0.945;-0.475
1200;SA;XGBoost;5;6000;268;191;gbtree;0.06;0.945;-0.475
1201;SA;XGBoost;5;6000;268;191;gbtree;0.06;0.945;-0.475
1202;SA;XGBoost;5;6000;268;191;gbtree;0.06;0.945;-0.475
1203;SA;XGBoost;5;6000;268;191;gbtree;0.06;0.945;-0.475
1204;SA;XGBoost;5;6000;268;191;gbtree;0.06;0.945;-0.475
1205;SA;XGBoost;5;6000;268;191;gbtree;0.06;0.945;-0.475
1206;SA;XGBoost;5;6000;268;191;gbtree;0.06;0.945;-0.475
1207;SA;XGBoost;5;6000;268;191;gbtree;0.06;0.945;-0.475
1208;SA;XGBoost;5;6000;268;191;gbtree;0.06;0.945;-0.475
1209;SA;XGBoost;5;6000;268;191;gbtree;0.06;0.945;-0.475
1210;SA;XGBoost;5;6000;268;191;gbtree;0.06;0.945;-0.475
1211;SA;XGBoost;5;6000;268;191;gbtree;0.06;0.945;-0.475
1212;SA;XGBoost;5;6000;268;191;gbtree;0.06;0.945;-0.475
1213;SA;XGBoost;5;6000;268;191;gbtree;0.06;0.945;-0.475
1214;SA;XGBoost;5;6000;268;191;gbtree;0.06;0.945;-0.475
1215;SA;XGBoost;5;6000;268;191;gbtree;0.06;0.945;-0.475
1216;SA;XGBoost;5;6000;268;191;gbtree;0.06;0.945;-0.475
1217;SA;XGBoost;5;6000;268;191;gbtree;0.06;0.945;-0.475
1218;SA;XGBoost;5;6000;268;191;gbtree;0.06;0.945;-0.475
1219;SA;XGBoost;5;6000;268;191;gbtree;0.06;0.945;-0.475
1220;SA;XGBoost;5;6000;268;191;gbtree;0.06;0.945;-0.475
1221;SA;XGBoost;5;6000;268;191;gbtree;0.06;0.945;-0.475
1222;SA;XGBoost;5;6000;268;191;gbtree;0.06;0.945;-0.475
1223;SA;XGBoost;5;6000;268;191;gbtree;0.06;0.945;-0.475
1224;SA;XGBoost;5;6000;268;191;gbtree;0.06;0.945;-0.475
1225;SA;XGBoost;5;6000;268;191;gbtree;0.06;0.945;-0.475
1226;SA;XGBoost;5;6000;268;191;gbtree;0.06;0.945;-0.475
1227;SA;XGBoost;5;6000;268;191;gbtree;0.06;0.945;-0.475
1228;SA;XGBoost;5;6000;268;191;gbtree;0.06;0.945;-0.475
1229;SA;XGBoost;5;6000;268;191;gbtree;0.06;0.945;-0.475
1230;SA;XGBoost;5;6000;268;191;gbtree;0.06;0.945;-0.475
1231;SA;XGBoost;5;6000;268;191;gbtree;0.06;0.945;-0.475
1232;SA;XGBoost;5;6000;268;191;gbtree;0.06;0.945;-0.475
1233;SA;XGBoost;5;6000;268;191;gbtree;0.06;0.945;-0.475
1234;SA;XGBoost;5;6000;268;191;gbtree;0.06;0.945;-0.475
1235;SA;XGBoost;5;6000;268;191;gbtree;0.06;0.945;-0.475
1236;SA;XGBoost;5;6000;268;191;gbtree;0.06;0.945;-0.475
1237;SA;XGBoost;5;6000;268;191;gbtree;0.06;0.945;-0.475
1238;SA;XGBoost;5;6000;268;191;gbtree;0.06;0.945;-0.475
1239;SA;XGBoost;5;6000;268;191;gbtree;0.06;0.945;-0.475
1240;SA;XGBoost;5;6000;268;191;gbtree;0.06;0.945;-0.475
1241;SA;XGBoost;5;6000;268;191;gbtree;0.06;0.945;-0.475
1242;SA;XGBoost;5;6000;268;191;gbtree;0.06;0.945;-0.475
1243;SA;XGBoost;5;6000;268;191;gbtree;0.06;0.945;-0.475
1244;SA;XGBoost;5;6000;268;191;gbtree;0.06;0.945;-0.475
1245;SA;XGBoost;5;6000;268;191;gbtree;0.06;0.945;-0.475
1246;SA;XGBoost;5;6000;268;191;gbtree;0.06;0.945;-0.475
1247;SA;XGBoost;5;6000;268;191;gbtree;0.06;0.945;-0.475
1248;SA;XGBoost;5;6000;268;191;gbtree;0.06;0.945;-0.475
1249;SA;XGBoost;5;6000;268;191;gbtree;0.06;0.945;-0.475
1250;SA;XGBoost;5;6000;268;191;gbtree;0.06;0.945;-0.475
1251;SA;XGBoost;5;6000;268;191;gbtree;0.06;0.945;-0.475
1252;SA;XGBoost;5;6000;268;191;gbtree;0.06;0.945;-0.475
1253;SA;XGBoost;5;6000;268;191;gbtree;0.06;0.945;-0.475
1254;SA;XGBoost;5;6000;268;191;gbtree;0.06;0.945;-0.475
1255;SA;XGBoost;5;6000;268;191;gbtree;0.06;0.945;-0.475
1256;SA;XGBoost;5;6000;268;191;gbtree;0.06;0.945;-0.475
1257;SA;XGBoost;5;6000;268;191;gbtree;0.06;0.945;-0.475
1258;SA;XGBoost;5;6000;268;191;gbtree;0.06;0.945;-0.475
1259;SA;XGBoost;5;6000;268;191;gbtree;0.06;0.945;-0.475
1260;SA;XGBoost;5;6000;268;191;gbtree;0.06;0.945;-0.475
1261;SA;XGBoost;5;6000;268;191;gbtree;0.06;0.945;-0.475
1262;SA;XGBoost;5;6000;268;191;gbtree;0.06;0.945;-0.475
1263;SA;XGBoost;5;6000;268;191;gbtree;0.06;0.945;-0.475
1264;SA;XGBoost;5;6000;268;191;gbtree;0.06;0.945;-0.475
1265;SA;XGBoost;5;6000;268;191;gbtree;0.06;0.945;-0.475
1266;SA;XGBoost;5;6000;268;191;gbtree;0.06;0.945;-0.475
1267;SA;XGBoost;5;6000;268;191;gbtree;0.06;0.945;-0.475
1268;SA;XGBoost;5;6000;268;191;gbtree;0.06;0.945;-0.475
1269;SA;XGBoost;5;6000;268;191;gbtree;0.06;0.945;-0.475
1270;SA;XGBoost;5;6000;268;191;gbtree;0.06;0.945;-0.475
1271;SA;XGBoost;5;6000;268;191;gbtree;0.06;0.945;-0.475
1272;SA;XGBoost;5;6000;268;191;gbtree;0.06;0.945;-0.475
1273;SA;XGBoost;5;6000;268;191;gbtree;0.06;0.945;-0.475
1274;SA;XGBoost;5;6000;268;191;gbtree;0.06;0.945;-0.475
1275;SA;XGBoost;5;6000;268;191;gbtree;0.06;0.945;-0.475
1276;SA;XGBoost;5;6000;268;191;gbtree;0.06;0.945;-0.475
1277;SA;XGBoost;5;6000;268;191;gbtree;0.06;0.945;-0.475
1278;SA;XGBoost;5;6000;268;191;gbtree;0.06;0.945;-0.475
1279;SA;XGBoost;5;6000;268;191;gbtree;0.06;0.945;-0.475
1280;SA;XGBoost;5;6000;268;191;gbtree;0.06;0.945;-0.475
1281;SA;XGBoost;5;6000;268;191;gbtree;0.06;0.945;-0.475
1282;SA;XGBoost;5;6000;268;191;gbtree;0.06;0.945;-0.475
1283;SA;XGBoost;5;6000;268;191;gbtree;0.06;0.945;-0.475
1284;SA;XGBoost;5;6000;268;191;gbtree;0.06;0.945;-0.475
1285;SA;XGBoost;5;6000;268;191;gbtree;0.06;0.945;-0.475
1286;SA;XGBoost;5;6000;268;191;gbtree;0.06;0.945;-0.475
1287;SA;XGBoost;5;6000;268;191;gbtree;0.06;0.945;-0.475
1288;SA;XGBoost;5;6000;268;191;gbtree;0.06;0.945;-0.475
1289;SA;XGBoost;5;6000;268;191;gbtree;0.06;0.945;-0.475
1290;SA;XGBoost;5;6000;268;191;gbtree;0.06;0.945;-0.475
1291;SA;XGBoost;5;6000;268;191;gbtree;0.06;0.945;-0.475
1292;SA;XGBoost;5;6000;268;191;gbtree;0.06;0.945;-0.475
1293;SA;XGBoost;5;6000;268;191;gbtree;0.06;0.945;-0.475
1294;SA;XGBoost;5;6000;268;191;gbtree;0.06;0.945;-0.475
1295;SA;XGBoost;5;6000;268;191;gbtree;0.06;0.945;-0.475
1296;SA;XGBoost;5;6000;268;191;gbtree;0.06;0.945;-0.475
1297;SA;XGBoost;5;6000;268;191;gbtree;0.06;0.945;-0.475
1298;SA;XGBoost;5;6000;268;191;gbtree;0.06;0.945;-0.475
1299;SA;XGBoost;5;6000;268;191;gbtree;0.06;0.945;-0.475
1300;SA;XGBoost;5;6000;268;191;gbtree;0.06;0.945;-0.475
1301;SA;XGBoost;5;6000;268;191;gbtree;0.06;0.945;-0.475
1302;SA;XGBoost;5;6000;268;191;gbtree;0.06;0.945;-0.475
1303;SA;XGBoost;5;6000;268;191;gbtree;0.06;0.945;-0.475
1304;SA;XGBoost;5;6000;268;191;gbtree;0.06;0.945;-0.475
1305;SA;XGBoost;5;6000;268;191;gbtree;0.06;0.945;-0.475
1306;SA;XGBoost;5;6000;268;191;gbtree;0.06;0.945;-0.475
1307;SA;XGBoost;5;6000;268;191;gbtree;0.06;0.945;-0.475
1308;SA;XGBoost;5;6000;268;191;gbtree;0.06;0.945;-0.475
1309;SA;XGBoost;5;6000;268;191;gbtree;0.06;0.945;-0.475
1310;SA;XGBoost;5;6000;268;191;gbtree;0.06;0.945;-0.475
1311;SA;XGBoost;5;6000;268;191;gbtree;0.06;0.945;-0.475
1312;SA;XGBoost;5;6000;268;191;gbtree;0.06;0.945;-0.475
1313;SA;XGBoost;5;6000;268;191;gbtree;0.06;0.945;-0.475
1314;SA;XGBoost;5;6000;268;191;gbtree;0.06;0.945;-0.475
1315;SA;XGBoost;5;6000;268;191;gbtree;0.06;0.945;-0.475
1316;SA;XGBoost;5;6000;268;191;gbtree;0.06;0.945;-0.475
1317;SA;XGBoost;5;6000;268;191;gbtree;0.06;0.945;-0.475
1318;SA;XGBoost;5;6000;268;191;gbtree;0.06;0.945;-0.475
1319;SA;XGBoost;5;6000;268;191;gbtree;0.06;0.945;-0.475
1320;SA;XGBoost;5;6000;268;191;gbtree;0.06;0.945;-0.475
1321;SA;XGBoost;5;6000;268;191;gbtree;0.06;0.945;-0.475
1322;SA;XGBoost;5;6000;268;191;gbtree;0.06;0.945;-0.475
1323;SA;XGBoost;5;6000;268;191;gbtree;0.06;0.945;-0.475
1324;SA;XGBoost;5;6000;268;191;gbtree;0.06;0.945;-0.475
1325;SA;XGBoost;5;6000;268;191;gbtree;0.06;0.945;-0.475
1326;SA;XGBoost;5;6000;268;191;gbtree;0.06;0.945;-0.475
1327;SA;XGBoost;5;6000;268;191;gbtree;0.06;0.945;-0.475
1328;SA;XGBoost;5;6000;268;191;gbtree;0.06;0.945;-0.475
1329;SA;XGBoost;5;6000;268;191;gbtree;0.06;0.945;-0.475
1330;SA;XGBoost;5;6000;268;191;gbtree;0.06;0.945;-0.475
1331;SA;XGBoost;5;6000;268;191;gbtree;0.06;0.945;-0.475
1332;SA;XGBoost;5;6000;268;191;gbtree;0.06;0.945;-0.475
1333;SA;XGBoost;5;6000;268;191;gbtree;0.06;0.945;-0.475
1334;SA;XGBoost;5;6000;268;191;gbtree;0.06;0.945;-0.475
1335;SA;XGBoost;5;6000;268;191;gbtree;0.06;0.945;-0.475
1336;SA;XGBoost;5;6000;268;191;gbtree;0.06;0.945;-0.475
1337;SA;XGBoost;5;6000;268;191;gbtree;0.06;0.945;-0.475
1338;SA;XGBoost;5;6000;268;191;gbtree;0.06;0.945;-0.475
1339;SA;XGBoost;5;6000;268;191;gbtree;0.06;0.945;-0.475
1340;SA;XGBoost;5;6000;268;191;gbtree;0.06;0.945;-0.475
1341;SA;XGBoost;5;6000;268;191;gbtree;0.06;0.945;-0.475
1342;SA;XGBoost;5;6000;268;191;gbtree;0.06;0.945;-0.475
1343;SA;XGBoost;5;6000;268;191;gbtree;0.06;0.945;-0.475
1344;SA;XGBoost;5;6000;268;191;gbtree;0.06;0.945;-0.475
1345;SA;XGBoost;5;6000;268;191;gbtree;0.06;0.945;-0.475
1346;SA;XGBoost;5;6000;268;191;gbtree;0.06;0.945;-0.475
1347;SA;XGBoost;5;6000;268;191;gbtree;0.06;0.945;-0.475
1348;SA;XGBoost;5;6000;268;191;gbtree;0.06;0.945;-0.475
1349;SA;XGBoost;5;6000;268;191;gbtree;0.06;0.945;-0.475
1350;SA;XGBoost;5;6000;268;191;gbtree;0.06;0.945;-0.475
1351;SA;XGBoost;5;6000;268;191;gbtree;0.06;0.945;-0.475
1352;SA;XGBoost;5;6000;268;191;gbtree;0.06;0.945;-0.475
1353;SA;XGBoost;5;6000;268;191;gbtree;0.06;0.945;-0.475
1354;SA;XGBoost;5;6000;268;191;gbtree;0.06;0.945;-0.475
1355;SA;XGBoost;5;6000;268;191;gbtree;0.06;0.945;-0.475
