FEATURES;RRMSE
('TEMP_MÉD_MÉD_MENS', 'TEMP_MÉD_MAX_MENS', 'TEMP_MAX_MÉD_MENS', 'TEMP_MIN_MIN_MENS', 'TEMP_MIN_MAX_MENS', 'PRECIPITAÇÃO_MIN_MENS', 'TEMP_MAX_MAX_MENS', 'TEMP_MAX_ACC_MENS', 'PRECIPITAÇÃO_MAX_MENS', 'PRECIPITAÇÃO_ACC_MENS', 'DIA_DA_SEMANA_qua', 'DIA_DA_SEMANA_seg', 'DIA_DA_SEMANA_sex', 'DIA_DA_SEMANA_sáb', 'DIA_DA_SEMANA_ter', 'MÊS_abr', 'MÊS_ago', 'MÊS_fev', 'MÊS_jul', 'MÊS_mar', 'MÊS_out', 'ANO_2021', 'ANO_2022', 'ANO_2024', 'ANO_2015', 'ANO_2016', 'ANO_2017', 'ANO_2019', 'CAMPUS_ASTORGA', 'CAMPUS_BARRACÃO', 'CAMPUS_CAPANEMA', 'CAMPUS_CASCAVEL', 'CAMPUS_IRATI', 'CAMPUS_PARANAGUÁ', 'CAMPUS_PARANAVAÍ', 'CAMPUS_PINHAIS', 'CAMPUS_QUEDAS DO IGUAÇU', 'CAMPUS_UMUARAMA', 'CAMPUS_UNIÃO DA VITÓRIA', 'CURSOS_TEC_CONCOMITANTE', 'CURSOS_TEC_INTEGRADO', 'CURSOS_TEC_SUBSEQUENTE', 'CURSOS_GRAD_MATUTINO', 'CURSOS_GRAD_VESPERTINO', 'CURSOS_GRAD_NOTURNO', 'CURSOS_POS', 'GREVE', 'LAG_01', 'LAG_04', 'LAG_06', 'LAG_08');0.51469
('TEMP_MÉD_MIN_MENS', 'TEMP_MÉD_MAX_MENS', 'TEMP_MÉD_ACC_MENS', 'TEMP_MAX_MÉD_MENS', 'TEMP_MIN_MIN_MENS', 'TEMP_MIN_ACC_MENS', 'TEMP_MAX_MAX_MENS', 'TEMP_MAX_ACC_MENS', 'PRECIPITAÇÃO_MAX_MENS', 'PRECIPITAÇÃO_ACC_MENS', 'DIA_DA_SEMANA_dom', 'MÊS_abr', 'MÊS_ago', 'MÊS_dez', 'MÊS_jan', 'MÊS_jul', 'MÊS_nov', 'ANO_2022', 'ANO_2017', 'ANO_2018', 'ANO_2020', 'CAMPUS_ASSIS CHATEAUBRIAND', 'CAMPUS_ASTORGA', 'CAMPUS_CAMPO LARGO', 'CAMPUS_CAPANEMA', 'CAMPUS_CASCAVEL', 'CAMPUS_FOZ DO IGUAÇU', 'CAMPUS_GOIOERÊ', 'CAMPUS_JACAREZINHO', 'CAMPUS_JAGUARIAÍVA', 'CAMPUS_PALMAS', 'CAMPUS_PITANGA', 'CAMPUS_UMUARAMA', 'CAMPUS_UNIÃO DA VITÓRIA', 'CURSOS_GRAD_MATUTINO', 'CURSOS_GRAD_VESPERTINO', 'CURSOS_GRAD_NOTURNO', 'FÉRIAS', 'FERIADO', 'COVID', 'GREVE', 'ORDEM', 'LAG_01', 'LAG_02', 'LAG_04', 'LAG_07', 'LAG_09', 'LAG_10', 'LAG_11');0.50956
('TEMP_MIN_MÉD_MENS', 'TEMP_MÉD_MIN_MENS', 'TEMP_MÉD_MAX_MENS', 'TEMP_MÉD_ACC_MENS', 'TEMP_MIN_ACC_MENS', 'PRECIPITAÇÃO_MIN_MENS', 'TEMP_MAX_MAX_MENS', 'TEMP_MAX_ACC_MENS', 'PRECIPITAÇÃO_MAX_MENS', 'PRECIPITAÇÃO_ACC_MENS', 'DIA_DA_SEMANA_dom', 'DIA_DA_SEMANA_qui', 'DIA_DA_SEMANA_seg', 'DIA_DA_SEMANA_sáb', 'MÊS_dez', 'MÊS_fev', 'MÊS_jan', 'MÊS_jul', 'MÊS_mar', 'MÊS_nov', 'MÊS_out', 'MÊS_set', 'ANO_2021', 'ANO_2022', 'ANO_2023', 'ANO_2024', 'ANO_2016', 'ANO_2017', 'ANO_2018', 'ANO_2019', 'ANO_2020', 'CAMPUS_ASSIS CHATEAUBRIAND', 'CAMPUS_ASTORGA', 'CAMPUS_BARRACÃO', 'CAMPUS_CAMPO LARGO', 'CAMPUS_CAPANEMA', 'CAMPUS_CASCAVEL', 'CAMPUS_IRATI', 'CAMPUS_LONDRINA - CENTRO', 'CAMPUS_PALMAS', 'CAMPUS_PARANAGUÁ', 'CAMPUS_PINHAIS', 'CAMPUS_PITANGA', 'CAMPUS_QUEDAS DO IGUAÇU', 'CAMPUS_TELÊMACO BORBA', 'CAMPUS_UMUARAMA', 'CAMPUS_UNIÃO DA VITÓRIA', 'CURSOS_TEC_SUBSEQUENTE', 'CURSOS_GRAD_VESPERTINO', 'CURSOS_GRAD_NOTURNO', 'FÉRIAS', 'COVID', 'GREVE', 'LAG_02', 'LAG_04', 'LAG_05', 'LAG_07', 'LAG_08', 'LAG_09', 'LAG_10', 'LAG_11', 'LAG_12');0.61738
('TEMP_MIN_MÉD_MENS', 'TEMP_MÉD_MÉD_MENS', 'TEMP_MIN_MIN_MENS', 'TEMP_MIN_MAX_MENS', 'TEMP_MIN_ACC_MENS', 'TEMP_MAX_ACC_MENS', 'PRECIPITAÇÃO_MAX_MENS', 'PRECIPITAÇÃO_ACC_MENS', 'DIA_DA_SEMANA_qua', 'DIA_DA_SEMANA_seg', 'DIA_DA_SEMANA_sex', 'DIA_DA_SEMANA_ter', 'MÊS_abr', 'MÊS_ago', 'MÊS_fev', 'MÊS_jul', 'MÊS_jun', 'MÊS_mai', 'MÊS_nov', 'MÊS_set', 'ANO_2021', 'ANO_2022', 'ANO_2023', 'ANO_2017', 'ANO_2018', 'CAMPUS_ASSIS CHATEAUBRIAND', 'CAMPUS_BARRACÃO', 'CAMPUS_CAMPO LARGO', 'CAMPUS_CURITIBA', 'CAMPUS_FOZ DO IGUAÇU', 'CAMPUS_GOIOERÊ', 'CAMPUS_IRATI', 'CAMPUS_PARANAGUÁ', 'CAMPUS_PINHAIS', 'CAMPUS_QUEDAS DO IGUAÇU', 'CAMPUS_TELÊMACO BORBA', 'CAMPUS_UNIÃO DA VITÓRIA', 'CURSOS_TEC_INTEGRADO', 'CURSOS_TEC_SUBSEQUENTE', 'CURSOS_GRAD_VESPERTINO', 'FÉRIAS', 'COVID', 'LAG_01', 'LAG_02', 'LAG_03', 'LAG_04', 'LAG_05', 'LAG_06', 'LAG_07', 'LAG_08', 'LAG_09', 'LAG_10', 'LAG_11');0.52316
('TEMP_MÉD_MÉD_MENS', 'TEMP_MÉD_ACC_MENS', 'TEMP_MIN_MAX_MENS', 'TEMP_MIN_ACC_MENS', 'PRECIPITAÇÃO_ACC_MENS', 'DIA_DA_SEMANA_qui', 'DIA_DA_SEMANA_seg', 'DIA_DA_SEMANA_sex', 'DIA_DA_SEMANA_sáb', 'DIA_DA_SEMANA_ter', 'MÊS_jan', 'MÊS_jul', 'MÊS_jun', 'MÊS_mar', 'ANO_2022', 'ANO_2023', 'ANO_2024', 'ANO_2017', 'ANO_2019', 'ANO_2020', 'CAMPUS_ASSIS CHATEAUBRIAND', 'CAMPUS_BARRACÃO', 'CAMPUS_CAMPO LARGO', 'CAMPUS_CAPANEMA', 'CAMPUS_CASCAVEL', 'CAMPUS_FOZ DO IGUAÇU', 'CAMPUS_IRATI', 'CAMPUS_JACAREZINHO', 'CAMPUS_JAGUARIAÍVA', 'CAMPUS_LONDRINA - CENTRO', 'CAMPUS_PALMAS', 'CAMPUS_PARANAVAÍ', 'CAMPUS_PINHAIS', 'CAMPUS_PITANGA', 'CAMPUS_QUEDAS DO IGUAÇU', 'CAMPUS_UMUARAMA', 'CAMPUS_UNIÃO DA VITÓRIA', 'CURSOS_GRAD_MATUTINO', 'CURSOS_GRAD_VESPERTINO', 'CURSOS_POS', 'FÉRIAS', 'COVID', 'LAG_01', 'LAG_04', 'LAG_06', 'LAG_07', 'LAG_08', 'LAG_09', 'LAG_10');0.51758
('TEMP_MIN_MÉD_MENS', 'TEMP_MÉD_MIN_MENS', 'TEMP_MÉD_MÉD_MENS', 'TEMP_MÉD_MAX_MENS', 'TEMP_MIN_ACC_MENS', 'TEMP_MAX_MIN_MENS', 'TEMP_MAX_ACC_MENS', 'PRECIPITAÇÃO_ACC_MENS', 'DIA_DA_SEMANA_qua', 'DIA_DA_SEMANA_seg', 'MÊS_abr', 'MÊS_ago', 'MÊS_dez', 'MÊS_fev', 'MÊS_nov', 'MÊS_out', 'ANO_2021', 'ANO_2023', 'ANO_2018', 'ANO_2020', 'CAMPUS_ASSIS CHATEAUBRIAND', 'CAMPUS_ASTORGA', 'CAMPUS_BARRACÃO', 'CAMPUS_CAPANEMA', 'CAMPUS_CURITIBA', 'CAMPUS_FOZ DO IGUAÇU', 'CAMPUS_GOIOERÊ', 'CAMPUS_IRATI', 'CAMPUS_IVAIPORÃ', 'CAMPUS_JACAREZINHO', 'CAMPUS_PALMAS', 'CAMPUS_PARANAGUÁ', 'CAMPUS_PARANAVAÍ', 'CAMPUS_QUEDAS DO IGUAÇU', 'CAMPUS_UMUARAMA', 'CAMPUS_UNIÃO DA VITÓRIA', 'CURSOS_TEC_CONCOMITANTE', 'CURSOS_GRAD_VESPERTINO', 'CURSOS_POS', 'FÉRIAS', 'FERIADO', 'ORDEM', 'LAG_01', 'LAG_02', 'LAG_03', 'LAG_04', 'LAG_06', 'LAG_07', 'LAG_09', 'LAG_12');0.50579
('TEMP_MIN_MÉD_MENS', 'TEMP_MÉD_MIN_MENS', 'TEMP_MÉD_ACC_MENS', 'TEMP_MAX_MÉD_MENS', 'PRECIPITAÇÃO_MÉD_MENS', 'TEMP_MIN_MIN_MENS', 'TEMP_MIN_MAX_MENS', 'TEMP_MIN_ACC_MENS', 'PRECIPITAÇÃO_MIN_MENS', 'TEMP_MAX_MAX_MENS', 'TEMP_MAX_ACC_MENS', 'DIA_DA_SEMANA_dom', 'DIA_DA_SEMANA_seg', 'DIA_DA_SEMANA_sáb', 'MÊS_abr', 'MÊS_jul', 'MÊS_jun', 'MÊS_mar', 'ANO_2021', 'ANO_2022', 'ANO_2023', 'ANO_2018', 'ANO_2019', 'ANO_2020', 'CAMPUS_ASSIS CHATEAUBRIAND', 'CAMPUS_BARRACÃO', 'CAMPUS_CAPANEMA', 'CAMPUS_CORONEL VIVIDA', 'CAMPUS_CURITIBA', 'CAMPUS_FOZ DO IGUAÇU', 'CAMPUS_GOIOERÊ', 'CAMPUS_IRATI', 'CAMPUS_JACAREZINHO', 'CAMPUS_JAGUARIAÍVA', 'CAMPUS_PALMAS', 'CAMPUS_PARANAGUÁ', 'CAMPUS_PARANAVAÍ', 'CAMPUS_PINHAIS', 'CAMPUS_UMUARAMA', 'CAMPUS_UNIÃO DA VITÓRIA', 'CURSOS_TEC_CONCOMITANTE', 'CURSOS_TEC_INTEGRADO', 'CURSOS_TEC_SUBSEQUENTE', 'CURSOS_GRAD_MATUTINO', 'CURSOS_GRAD_VESPERTINO', 'CURSOS_POS', 'FÉRIAS', 'COVID', 'ORDEM', 'LAG_01', 'LAG_02', 'LAG_06', 'LAG_07', 'LAG_08', 'LAG_11', 'LAG_12');0.49258
('TEMP_MÉD_MAX_MENS', 'TEMP_MÉD_ACC_MENS', 'TEMP_MIN_MIN_MENS', 'TEMP_MAX_MIN_MENS', 'TEMP_MAX_ACC_MENS', 'PRECIPITAÇÃO_MAX_MENS', 'DIA_DA_SEMANA_qua', 'DIA_DA_SEMANA_qui', 'DIA_DA_SEMANA_sex', 'DIA_DA_SEMANA_sáb', 'DIA_DA_SEMANA_ter', 'MÊS_dez', 'MÊS_jan', 'MÊS_jul', 'MÊS_jun', 'MÊS_mai', 'MÊS_mar', 'MÊS_set', 'ANO_2023', 'ANO_2024', 'ANO_2017', 'CAMPUS_BARRACÃO', 'CAMPUS_CAPANEMA', 'CAMPUS_CASCAVEL', 'CAMPUS_CORONEL VIVIDA', 'CAMPUS_FOZ DO IGUAÇU', 'CAMPUS_GOIOERÊ', 'CAMPUS_IRATI', 'CAMPUS_IVAIPORÃ', 'CAMPUS_JACAREZINHO', 'CAMPUS_LONDRINA - CENTRO', 'CAMPUS_PALMAS', 'CAMPUS_PINHAIS', 'CAMPUS_PITANGA', 'CAMPUS_QUEDAS DO IGUAÇU', 'CAMPUS_TELÊMACO BORBA', 'CAMPUS_UMUARAMA', 'CAMPUS_UNIÃO DA VITÓRIA', 'CURSOS_TEC_SUBSEQUENTE', 'CURSOS_GRAD_MATUTINO', 'CURSOS_GRAD_NOTURNO', 'FÉRIAS', 'FERIADO', 'COVID', 'LAG_01', 'LAG_04', 'LAG_05', 'LAG_06', 'LAG_08', 'LAG_09', 'LAG_12');0.47804
('TEMP_MIN_MÉD_MENS', 'TEMP_MÉD_MIN_MENS', 'TEMP_MÉD_MAX_MENS', 'TEMP_MÉD_ACC_MENS', 'TEMP_MAX_MÉD_MENS', 'PRECIPITAÇÃO_MÉD_MENS', 'TEMP_MIN_MIN_MENS', 'TEMP_MIN_MAX_MENS', 'TEMP_MIN_ACC_MENS', 'TEMP_MAX_MIN_MENS', 'PRECIPITAÇÃO_MIN_MENS', 'TEMP_MAX_MAX_MENS', 'TEMP_MAX_ACC_MENS', 'PRECIPITAÇÃO_MAX_MENS', 'PRECIPITAÇÃO_ACC_MENS', 'DIA_DA_SEMANA_dom', 'DIA_DA_SEMANA_qui', 'DIA_DA_SEMANA_seg', 'DIA_DA_SEMANA_sex', 'DIA_DA_SEMANA_sáb', 'MÊS_abr', 'MÊS_ago', 'MÊS_dez', 'MÊS_fev', 'MÊS_jul', 'MÊS_jun', 'MÊS_mar', 'MÊS_nov', 'MÊS_out', 'MÊS_set', 'ANO_2021', 'ANO_2022', 'ANO_2023', 'ANO_2024', 'ANO_2019', 'CAMPUS_ASTORGA', 'CAMPUS_BARRACÃO', 'CAMPUS_CAPANEMA', 'CAMPUS_CORONEL VIVIDA', 'CAMPUS_FOZ DO IGUAÇU', 'CAMPUS_IVAIPORÃ', 'CAMPUS_LONDRINA - CENTRO', 'CAMPUS_PALMAS', 'CAMPUS_PARANAGUÁ', 'CAMPUS_PARANAVAÍ', 'CAMPUS_QUEDAS DO IGUAÇU', 'CAMPUS_TELÊMACO BORBA', 'CAMPUS_UNIÃO DA VITÓRIA', 'CURSOS_TEC_CONCOMITANTE', 'CURSOS_TEC_INTEGRADO', 'CURSOS_TEC_SUBSEQUENTE', 'CURSOS_GRAD_VESPERTINO', 'CURSOS_GRAD_NOTURNO', 'COVID', 'LAG_02', 'LAG_03', 'LAG_04', 'LAG_07');0.66659
('TEMP_MIN_MÉD_MENS', 'TEMP_MÉD_MIN_MENS', 'TEMP_MÉD_MÉD_MENS', 'TEMP_MÉD_MAX_MENS', 'TEMP_MÉD_ACC_MENS', 'PRECIPITAÇÃO_MÉD_MENS', 'TEMP_MIN_MIN_MENS', 'TEMP_MIN_MAX_MENS', 'TEMP_MIN_ACC_MENS', 'TEMP_MAX_MAX_MENS', 'TEMP_MAX_ACC_MENS', 'PRECIPITAÇÃO_ACC_MENS', 'DIA_DA_SEMANA_qui', 'DIA_DA_SEMANA_sáb', 'DIA_DA_SEMANA_ter', 'MÊS_abr', 'MÊS_ago', 'MÊS_dez', 'MÊS_jan', 'MÊS_jul', 'MÊS_jun', 'MÊS_mai', 'MÊS_nov', 'MÊS_set', 'ANO_2021', 'ANO_2022', 'ANO_2015', 'ANO_2016', 'ANO_2018', 'ANO_2019', 'CAMPUS_ASSIS CHATEAUBRIAND', 'CAMPUS_CASCAVEL', 'CAMPUS_CORONEL VIVIDA', 'CAMPUS_CURITIBA', 'CAMPUS_FOZ DO IGUAÇU', 'CAMPUS_GOIOERÊ', 'CAMPUS_IRATI', 'CAMPUS_JAGUARIAÍVA', 'CAMPUS_LONDRINA - CENTRO', 'CAMPUS_PARANAGUÁ', 'CAMPUS_PINHAIS', 'CAMPUS_PITANGA', 'CAMPUS_QUEDAS DO IGUAÇU', 'CAMPUS_TELÊMACO BORBA', 'CAMPUS_UMUARAMA', 'CAMPUS_UNIÃO DA VITÓRIA', 'CURSOS_GRAD_MATUTINO', 'CURSOS_GRAD_VESPERTINO', 'CURSOS_GRAD_NOTURNO', 'CURSOS_POS', 'FÉRIAS', 'COVID', 'LAG_01', 'LAG_02', 'LAG_03', 'LAG_04', 'LAG_05', 'LAG_06', 'LAG_10', 'LAG_11', 'LAG_12');0.49082
('TEMP_MIN_MÉD_MENS', 'TEMP_MÉD_MIN_MENS', 'TEMP_MÉD_MAX_MENS', 'TEMP_MAX_MÉD_MENS', 'TEMP_MIN_MIN_MENS', 'TEMP_MIN_MAX_MENS', 'TEMP_MIN_ACC_MENS', 'TEMP_MAX_MIN_MENS', 'PRECIPITAÇÃO_MIN_MENS', 'TEMP_MAX_MAX_MENS', 'TEMP_MAX_ACC_MENS', 'DIA_DA_SEMANA_qui', 'DIA_DA_SEMANA_seg', 'DIA_DA_SEMANA_sex', 'DIA_DA_SEMANA_sáb', 'DIA_DA_SEMANA_ter', 'MÊS_ago', 'MÊS_fev', 'MÊS_jun', 'MÊS_mai', 'MÊS_mar', 'MÊS_nov', 'MÊS_out', 'MÊS_set', 'ANO_2021', 'ANO_2022', 'ANO_2023', 'ANO_2024', 'ANO_2015', 'ANO_2016', 'ANO_2017', 'ANO_2018', 'ANO_2020', 'CAMPUS_ASSIS CHATEAUBRIAND', 'CAMPUS_ASTORGA', 'CAMPUS_CAPANEMA', 'CAMPUS_CORONEL VIVIDA', 'CAMPUS_FOZ DO IGUAÇU', 'CAMPUS_IRATI', 'CAMPUS_JACAREZINHO', 'CAMPUS_LONDRINA - CENTRO', 'CAMPUS_PARANAGUÁ', 'CAMPUS_PITANGA', 'CAMPUS_UMUARAMA', 'CURSOS_TEC_CONCOMITANTE', 'CURSOS_GRAD_MATUTINO', 'CURSOS_POS', 'FERIADO', 'GREVE', 'LAG_01', 'LAG_02', 'LAG_06', 'LAG_08', 'LAG_10');0.51326
('TEMP_MIN_MÉD_MENS', 'TEMP_MÉD_MIN_MENS', 'TEMP_MÉD_MÉD_MENS', 'TEMP_MÉD_MAX_MENS', 'TEMP_MÉD_ACC_MENS', 'TEMP_MAX_MÉD_MENS', 'PRECIPITAÇÃO_MÉD_MENS', 'TEMP_MIN_MIN_MENS', 'TEMP_MIN_MAX_MENS', 'TEMP_MIN_ACC_MENS', 'TEMP_MAX_MIN_MENS', 'PRECIPITAÇÃO_MAX_MENS', 'PRECIPITAÇÃO_ACC_MENS', 'DIA_DA_SEMANA_qua', 'DIA_DA_SEMANA_qui', 'DIA_DA_SEMANA_seg', 'DIA_DA_SEMANA_sáb', 'DIA_DA_SEMANA_ter', 'MÊS_ago', 'MÊS_dez', 'MÊS_fev', 'MÊS_jan', 'MÊS_jun', 'MÊS_mai', 'MÊS_out', 'ANO_2022', 'ANO_2023', 'ANO_2015', 'ANO_2016', 'ANO_2018', 'ANO_2019', 'ANO_2020', 'CAMPUS_BARRACÃO', 'CAMPUS_CAPANEMA', 'CAMPUS_CASCAVEL', 'CAMPUS_CURITIBA', 'CAMPUS_IRATI', 'CAMPUS_IVAIPORÃ', 'CAMPUS_LONDRINA - CENTRO', 'CAMPUS_PARANAGUÁ', 'CAMPUS_PARANAVAÍ', 'CAMPUS_PINHAIS', 'CAMPUS_QUEDAS DO IGUAÇU', 'CAMPUS_TELÊMACO BORBA', 'CAMPUS_UMUARAMA', 'CAMPUS_UNIÃO DA VITÓRIA', 'CURSOS_TEC_CONCOMITANTE', 'CURSOS_TEC_INTEGRADO', 'CURSOS_TEC_SUBSEQUENTE', 'CURSOS_GRAD_VESPERTINO', 'CURSOS_GRAD_NOTURNO', 'CURSOS_POS', 'COVID', 'GREVE', 'LAG_01', 'LAG_03', 'LAG_05', 'LAG_07', 'LAG_08', 'LAG_09', 'LAG_12');0.4881
('TEMP_MÉD_MIN_MENS', 'TEMP_MÉD_MÉD_MENS', 'TEMP_MÉD_MAX_MENS', 'TEMP_MÉD_ACC_MENS', 'TEMP_MAX_MÉD_MENS', 'PRECIPITAÇÃO_MÉD_MENS', 'TEMP_MIN_MIN_MENS', 'TEMP_MIN_ACC_MENS', 'TEMP_MAX_MIN_MENS', 'PRECIPITAÇÃO_MIN_MENS', 'TEMP_MAX_MAX_MENS', 'TEMP_MAX_ACC_MENS', 'PRECIPITAÇÃO_MAX_MENS', 'PRECIPITAÇÃO_ACC_MENS', 'DIA_DA_SEMANA_seg', 'DIA_DA_SEMANA_sáb', 'DIA_DA_SEMANA_ter', 'MÊS_abr', 'MÊS_fev', 'MÊS_mai', 'MÊS_nov', 'MÊS_out', 'ANO_2021', 'ANO_2023', 'ANO_2024', 'ANO_2015', 'ANO_2016', 'ANO_2017', 'ANO_2020', 'CAMPUS_ASTORGA', 'CAMPUS_CORONEL VIVIDA', 'CAMPUS_CURITIBA', 'CAMPUS_FOZ DO IGUAÇU', 'CAMPUS_GOIOERÊ', 'CAMPUS_IRATI', 'CAMPUS_IVAIPORÃ', 'CAMPUS_JACAREZINHO', 'CAMPUS_JAGUARIAÍVA', 'CAMPUS_LONDRINA - CENTRO', 'CAMPUS_PALMAS', 'CAMPUS_PARANAGUÁ', 'CAMPUS_PARANAVAÍ', 'CAMPUS_PINHAIS', 'CAMPUS_QUEDAS DO IGUAÇU', 'CAMPUS_UMUARAMA', 'CAMPUS_UNIÃO DA VITÓRIA', 'CURSOS_TEC_INTEGRADO', 'CURSOS_TEC_SUBSEQUENTE', 'CURSOS_GRAD_MATUTINO', 'CURSOS_POS', 'FÉRIAS', 'FERIADO', 'GREVE', 'LAG_01', 'LAG_03', 'LAG_04', 'LAG_05', 'LAG_06', 'LAG_07', 'LAG_08', 'LAG_09', 'LAG_12');0.49489
('TEMP_MÉD_MAX_MENS', 'TEMP_MAX_MÉD_MENS', 'TEMP_MIN_MIN_MENS', 'TEMP_MIN_MAX_MENS', 'TEMP_MIN_ACC_MENS', 'TEMP_MAX_MIN_MENS', 'PRECIPITAÇÃO_MIN_MENS', 'TEMP_MAX_ACC_MENS', 'PRECIPITAÇÃO_MAX_MENS', 'PRECIPITAÇÃO_ACC_MENS', 'DIA_DA_SEMANA_seg', 'DIA_DA_SEMANA_sex', 'DIA_DA_SEMANA_sáb', 'DIA_DA_SEMANA_ter', 'MÊS_abr', 'MÊS_dez', 'MÊS_fev', 'MÊS_jan', 'MÊS_jul', 'MÊS_nov', 'MÊS_out', 'ANO_2022', 'ANO_2023', 'ANO_2015', 'ANO_2016', 'ANO_2017', 'ANO_2018', 'ANO_2019', 'ANO_2020', 'CAMPUS_ASSIS CHATEAUBRIAND', 'CAMPUS_ASTORGA', 'CAMPUS_BARRACÃO', 'CAMPUS_CAPANEMA', 'CAMPUS_CASCAVEL', 'CAMPUS_CORONEL VIVIDA', 'CAMPUS_GOIOERÊ', 'CAMPUS_IRATI', 'CAMPUS_IVAIPORÃ', 'CAMPUS_JACAREZINHO', 'CAMPUS_JAGUARIAÍVA', 'CAMPUS_PALMAS', 'CAMPUS_PARANAVAÍ', 'CAMPUS_QUEDAS DO IGUAÇU', 'CAMPUS_TELÊMACO BORBA', 'CAMPUS_UMUARAMA', 'CURSOS_TEC_INTEGRADO', 'CURSOS_TEC_SUBSEQUENTE', 'CURSOS_GRAD_MATUTINO', 'CURSOS_GRAD_VESPERTINO', 'CURSOS_GRAD_NOTURNO', 'FÉRIAS', 'GREVE', 'ORDEM', 'LAG_01', 'LAG_02', 'LAG_03', 'LAG_05', 'LAG_06', 'LAG_09', 'LAG_10', 'LAG_11', 'LAG_12');0.50247
('TEMP_MÉD_MAX_MENS', 'TEMP_MÉD_ACC_MENS', 'TEMP_MAX_MÉD_MENS', 'PRECIPITAÇÃO_MÉD_MENS', 'TEMP_MIN_MIN_MENS', 'TEMP_MAX_MIN_MENS', 'TEMP_MAX_MAX_MENS', 'TEMP_MAX_ACC_MENS', 'PRECIPITAÇÃO_MAX_MENS', 'PRECIPITAÇÃO_ACC_MENS', 'DIA_DA_SEMANA_qua', 'DIA_DA_SEMANA_seg', 'DIA_DA_SEMANA_sáb', 'DIA_DA_SEMANA_ter', 'MÊS_abr', 'MÊS_dez', 'MÊS_jan', 'MÊS_mai', 'MÊS_set', 'ANO_2024', 'ANO_2016', 'ANO_2017', 'ANO_2019', 'ANO_2020', 'CAMPUS_ASSIS CHATEAUBRIAND', 'CAMPUS_CAMPO LARGO', 'CAMPUS_CAPANEMA', 'CAMPUS_CASCAVEL', 'CAMPUS_CURITIBA', 'CAMPUS_GOIOERÊ', 'CAMPUS_JAGUARIAÍVA', 'CAMPUS_PALMAS', 'CAMPUS_PARANAGUÁ', 'CAMPUS_PARANAVAÍ', 'CAMPUS_PINHAIS', 'CAMPUS_PITANGA', 'CAMPUS_TELÊMACO BORBA', 'CURSOS_TEC_CONCOMITANTE', 'CURSOS_TEC_INTEGRADO', 'CURSOS_GRAD_MATUTINO', 'CURSOS_GRAD_VESPERTINO', 'CURSOS_GRAD_NOTURNO', 'CURSOS_POS', 'FÉRIAS', 'COVID', 'LAG_01', 'LAG_02', 'LAG_04', 'LAG_05', 'LAG_06', 'LAG_07', 'LAG_08', 'LAG_12');0.47745
('TEMP_MÉD_MÉD_MENS', 'TEMP_MÉD_MAX_MENS', 'TEMP_MÉD_ACC_MENS', 'TEMP_MIN_MIN_MENS', 'TEMP_MIN_MAX_MENS', 'TEMP_MIN_ACC_MENS', 'TEMP_MAX_MAX_MENS', 'PRECIPITAÇÃO_MAX_MENS', 'PRECIPITAÇÃO_ACC_MENS', 'DIA_DA_SEMANA_dom', 'DIA_DA_SEMANA_qua', 'DIA_DA_SEMANA_seg', 'DIA_DA_SEMANA_sex', 'DIA_DA_SEMANA_ter', 'MÊS_abr', 'MÊS_ago', 'MÊS_fev', 'MÊS_jul', 'MÊS_jun', 'MÊS_mai', 'MÊS_nov', 'MÊS_out', 'MÊS_set', 'ANO_2016', 'ANO_2019', 'CAMPUS_ASTORGA', 'CAMPUS_BARRACÃO', 'CAMPUS_CAMPO LARGO', 'CAMPUS_CAPANEMA', 'CAMPUS_CASCAVEL', 'CAMPUS_CORONEL VIVIDA', 'CAMPUS_CURITIBA', 'CAMPUS_IRATI', 'CAMPUS_JACAREZINHO', 'CAMPUS_LONDRINA - CENTRO', 'CAMPUS_PALMAS', 'CAMPUS_PINHAIS', 'CAMPUS_QUEDAS DO IGUAÇU', 'CAMPUS_TELÊMACO BORBA', 'CAMPUS_UNIÃO DA VITÓRIA', 'CURSOS_TEC_INTEGRADO', 'CURSOS_GRAD_MATUTINO', 'CURSOS_GRAD_NOTURNO', 'FÉRIAS', 'FERIADO', 'COVID', 'GREVE', 'ORDEM', 'LAG_01', 'LAG_05', 'LAG_07', 'LAG_11', 'LAG_12');0.50071
('TEMP_MÉD_MIN_MENS', 'TEMP_MÉD_MÉD_MENS', 'TEMP_MAX_MÉD_MENS', 'TEMP_MIN_MIN_MENS', 'TEMP_MIN_MAX_MENS', 'PRECIPITAÇÃO_MIN_MENS', 'TEMP_MAX_MAX_MENS', 'TEMP_MAX_ACC_MENS', 'PRECIPITAÇÃO_ACC_MENS', 'DIA_DA_SEMANA_qua', 'DIA_DA_SEMANA_sex', 'DIA_DA_SEMANA_sáb', 'DIA_DA_SEMANA_ter', 'MÊS_ago', 'MÊS_jul', 'MÊS_jun', 'MÊS_set', 'ANO_2021', 'ANO_2022', 'ANO_2023', 'ANO_2017', 'ANO_2018', 'ANO_2020', 'CAMPUS_ASSIS CHATEAUBRIAND', 'CAMPUS_ASTORGA', 'CAMPUS_BARRACÃO', 'CAMPUS_CORONEL VIVIDA', 'CAMPUS_CURITIBA', 'CAMPUS_FOZ DO IGUAÇU', 'CAMPUS_GOIOERÊ', 'CAMPUS_IRATI', 'CAMPUS_IVAIPORÃ', 'CAMPUS_JACAREZINHO', 'CAMPUS_LONDRINA - CENTRO', 'CAMPUS_PINHAIS', 'CAMPUS_PITANGA', 'CAMPUS_QUEDAS DO IGUAÇU', 'CAMPUS_UMUARAMA', 'CAMPUS_UNIÃO DA VITÓRIA', 'CURSOS_TEC_CONCOMITANTE', 'CURSOS_TEC_SUBSEQUENTE', 'CURSOS_GRAD_NOTURNO', 'FÉRIAS', 'FERIADO', 'GREVE', 'ORDEM', 'LAG_01', 'LAG_03', 'LAG_04', 'LAG_05', 'LAG_06', 'LAG_08', 'LAG_11', 'LAG_12');0.47217
('TEMP_MIN_MÉD_MENS', 'TEMP_MÉD_MIN_MENS', 'TEMP_MÉD_MÉD_MENS', 'TEMP_MÉD_MAX_MENS', 'TEMP_MÉD_ACC_MENS', 'PRECIPITAÇÃO_MIN_MENS', 'PRECIPITAÇÃO_ACC_MENS', 'DIA_DA_SEMANA_dom', 'DIA_DA_SEMANA_qua', 'DIA_DA_SEMANA_qui', 'DIA_DA_SEMANA_sex', 'DIA_DA_SEMANA_ter', 'MÊS_abr', 'MÊS_dez', 'MÊS_jan', 'MÊS_jul', 'MÊS_jun', 'MÊS_mai', 'MÊS_nov', 'MÊS_out', 'MÊS_set', 'ANO_2022', 'ANO_2023', 'ANO_2016', 'ANO_2019', 'ANO_2020', 'CAMPUS_ASSIS CHATEAUBRIAND', 'CAMPUS_ASTORGA', 'CAMPUS_BARRACÃO', 'CAMPUS_CAMPO LARGO', 'CAMPUS_CASCAVEL', 'CAMPUS_CORONEL VIVIDA', 'CAMPUS_CURITIBA', 'CAMPUS_JACAREZINHO', 'CAMPUS_LONDRINA - CENTRO', 'CAMPUS_PALMAS', 'CAMPUS_PARANAVAÍ', 'CAMPUS_PINHAIS', 'CAMPUS_PITANGA', 'CAMPUS_QUEDAS DO IGUAÇU', 'CAMPUS_TELÊMACO BORBA', 'CAMPUS_UMUARAMA', 'CAMPUS_UNIÃO DA VITÓRIA', 'CURSOS_TEC_SUBSEQUENTE', 'CURSOS_GRAD_MATUTINO', 'CURSOS_GRAD_VESPERTINO', 'CURSOS_GRAD_NOTURNO', 'FÉRIAS', 'GREVE', 'ORDEM', 'LAG_01', 'LAG_02', 'LAG_03', 'LAG_04', 'LAG_05', 'LAG_09', 'LAG_10', 'LAG_11');0.49917
('TEMP_MIN_MÉD_MENS', 'TEMP_MÉD_MIN_MENS', 'TEMP_MÉD_MÉD_MENS', 'TEMP_MÉD_MAX_MENS', 'TEMP_MAX_MÉD_MENS', 'TEMP_MIN_ACC_MENS', 'TEMP_MAX_MIN_MENS', 'PRECIPITAÇÃO_MIN_MENS', 'TEMP_MAX_MAX_MENS', 'TEMP_MAX_ACC_MENS', 'PRECIPITAÇÃO_MAX_MENS', 'PRECIPITAÇÃO_ACC_MENS', 'DIA_DA_SEMANA_dom', 'DIA_DA_SEMANA_qua', 'DIA_DA_SEMANA_qui', 'DIA_DA_SEMANA_sex', 'DIA_DA_SEMANA_sáb', 'MÊS_ago', 'MÊS_dez', 'MÊS_jul', 'MÊS_mai', 'MÊS_nov', 'MÊS_set', 'ANO_2021', 'ANO_2022', 'ANO_2023', 'ANO_2024', 'ANO_2015', 'ANO_2017', 'ANO_2018', 'ANO_2019', 'ANO_2020', 'CAMPUS_ASTORGA', 'CAMPUS_BARRACÃO', 'CAMPUS_CAPANEMA', 'CAMPUS_CASCAVEL', 'CAMPUS_CURITIBA', 'CAMPUS_FOZ DO IGUAÇU', 'CAMPUS_GOIOERÊ', 'CAMPUS_IRATI', 'CAMPUS_IVAIPORÃ', 'CAMPUS_LONDRINA - CENTRO', 'CAMPUS_PARANAGUÁ', 'CAMPUS_PARANAVAÍ', 'CAMPUS_PINHAIS', 'CAMPUS_PITANGA', 'CAMPUS_QUEDAS DO IGUAÇU', 'CAMPUS_UMUARAMA', 'CURSOS_TEC_CONCOMITANTE', 'CURSOS_TEC_INTEGRADO', 'CURSOS_TEC_SUBSEQUENTE', 'CURSOS_GRAD_MATUTINO', 'CURSOS_GRAD_VESPERTINO', 'CURSOS_POS', 'FÉRIAS', 'FERIADO', 'COVID', 'GREVE', 'ORDEM', 'LAG_03', 'LAG_09', 'LAG_11');0.65744
('TEMP_MIN_MÉD_MENS', 'TEMP_MÉD_MIN_MENS', 'TEMP_MÉD_MAX_MENS', 'TEMP_MÉD_ACC_MENS', 'TEMP_MAX_MÉD_MENS', 'TEMP_MIN_MIN_MENS', 'TEMP_MIN_MAX_MENS', 'TEMP_MAX_MIN_MENS', 'PRECIPITAÇÃO_MIN_MENS', 'PRECIPITAÇÃO_MAX_MENS', 'DIA_DA_SEMANA_qua', 'DIA_DA_SEMANA_qui', 'DIA_DA_SEMANA_sex', 'DIA_DA_SEMANA_sáb', 'MÊS_abr', 'MÊS_jan', 'MÊS_jun', 'MÊS_nov', 'MÊS_set', 'ANO_2021', 'ANO_2022', 'ANO_2023', 'ANO_2017', 'ANO_2019', 'ANO_2020', 'CAMPUS_ASSIS CHATEAUBRIAND', 'CAMPUS_CASCAVEL', 'CAMPUS_CORONEL VIVIDA', 'CAMPUS_FOZ DO IGUAÇU', 'CAMPUS_GOIOERÊ', 'CAMPUS_JACAREZINHO', 'CAMPUS_JAGUARIAÍVA', 'CAMPUS_LONDRINA - CENTRO', 'CAMPUS_PALMAS', 'CAMPUS_PARANAVAÍ', 'CAMPUS_PINHAIS', 'CAMPUS_PITANGA', 'CAMPUS_QUEDAS DO IGUAÇU', 'CAMPUS_UNIÃO DA VITÓRIA', 'CURSOS_TEC_CONCOMITANTE', 'CURSOS_TEC_INTEGRADO', 'CURSOS_GRAD_VESPERTINO', 'FERIADO', 'GREVE', 'ORDEM', 'LAG_01', 'LAG_02', 'LAG_04', 'LAG_06', 'LAG_07', 'LAG_10', 'LAG_12');0.48027
('TEMP_MIN_MÉD_MENS', 'TEMP_MÉD_MÉD_MENS', 'TEMP_MÉD_MAX_MENS', 'TEMP_MÉD_ACC_MENS', 'TEMP_MAX_MÉD_MENS', 'PRECIPITAÇÃO_MÉD_MENS', 'TEMP_MIN_MIN_MENS', 'TEMP_MIN_MAX_MENS', 'TEMP_MIN_ACC_MENS', 'TEMP_MAX_MIN_MENS', 'PRECIPITAÇÃO_MIN_MENS', 'TEMP_MAX_MAX_MENS', 'TEMP_MAX_ACC_MENS', 'DIA_DA_SEMANA_qua', 'DIA_DA_SEMANA_qui', 'DIA_DA_SEMANA_sex', 'DIA_DA_SEMANA_sáb', 'DIA_DA_SEMANA_ter', 'MÊS_abr', 'MÊS_dez', 'MÊS_fev', 'MÊS_jun', 'MÊS_mai', 'MÊS_mar', 'MÊS_nov', 'MÊS_set', 'ANO_2021', 'ANO_2022', 'ANO_2023', 'ANO_2015', 'ANO_2016', 'ANO_2018', 'CAMPUS_CAMPO LARGO', 'CAMPUS_CORONEL VIVIDA', 'CAMPUS_CURITIBA', 'CAMPUS_FOZ DO IGUAÇU', 'CAMPUS_JAGUARIAÍVA', 'CAMPUS_PARANAGUÁ', 'CAMPUS_PITANGA', 'CAMPUS_QUEDAS DO IGUAÇU', 'CAMPUS_UMUARAMA', 'CURSOS_TEC_CONCOMITANTE', 'CURSOS_TEC_INTEGRADO', 'CURSOS_TEC_SUBSEQUENTE', 'CURSOS_GRAD_MATUTINO', 'CURSOS_GRAD_VESPERTINO', 'GREVE', 'ORDEM', 'LAG_01', 'LAG_02', 'LAG_04', 'LAG_05', 'LAG_06', 'LAG_08', 'LAG_09', 'LAG_10', 'LAG_11', 'LAG_12');0.50393
('TEMP_MIN_MÉD_MENS', 'TEMP_MÉD_MIN_MENS', 'TEMP_MAX_MÉD_MENS', 'PRECIPITAÇÃO_MÉD_MENS', 'TEMP_MAX_MAX_MENS', 'DIA_DA_SEMANA_dom', 'DIA_DA_SEMANA_qua', 'DIA_DA_SEMANA_qui', 'DIA_DA_SEMANA_seg', 'DIA_DA_SEMANA_sex', 'DIA_DA_SEMANA_sáb', 'MÊS_abr', 'MÊS_ago', 'MÊS_dez', 'MÊS_fev', 'MÊS_jul', 'MÊS_mai', 'MÊS_set', 'ANO_2024', 'ANO_2015', 'ANO_2016', 'ANO_2017', 'ANO_2018', 'ANO_2019', 'ANO_2020', 'CAMPUS_ASSIS CHATEAUBRIAND', 'CAMPUS_ASTORGA', 'CAMPUS_BARRACÃO', 'CAMPUS_CAPANEMA', 'CAMPUS_CORONEL VIVIDA', 'CAMPUS_CURITIBA', 'CAMPUS_FOZ DO IGUAÇU', 'CAMPUS_GOIOERÊ', 'CAMPUS_IRATI', 'CAMPUS_IVAIPORÃ', 'CAMPUS_JAGUARIAÍVA', 'CAMPUS_PALMAS', 'CAMPUS_PARANAGUÁ', 'CAMPUS_PARANAVAÍ', 'CAMPUS_TELÊMACO BORBA', 'CURSOS_TEC_CONCOMITANTE', 'CURSOS_GRAD_VESPERTINO', 'CURSOS_POS', 'FÉRIAS', 'GREVE', 'ORDEM', 'LAG_01', 'LAG_02', 'LAG_05', 'LAG_07', 'LAG_09', 'LAG_11');0.44819
('TEMP_MÉD_MIN_MENS', 'TEMP_MÉD_MAX_MENS', 'TEMP_MÉD_ACC_MENS', 'TEMP_MAX_MÉD_MENS', 'TEMP_MIN_MIN_MENS', 'TEMP_MAX_ACC_MENS', 'PRECIPITAÇÃO_MAX_MENS', 'DIA_DA_SEMANA_qua', 'DIA_DA_SEMANA_qui', 'DIA_DA_SEMANA_seg', 'MÊS_abr', 'MÊS_ago', 'MÊS_fev', 'MÊS_mar', 'MÊS_out', 'MÊS_set', 'ANO_2021', 'ANO_2022', 'ANO_2024', 'ANO_2015', 'ANO_2017', 'ANO_2020', 'CAMPUS_BARRACÃO', 'CAMPUS_CAMPO LARGO', 'CAMPUS_CAPANEMA', 'CAMPUS_CASCAVEL', 'CAMPUS_FOZ DO IGUAÇU', 'CAMPUS_GOIOERÊ', 'CAMPUS_JACAREZINHO', 'CAMPUS_PALMAS', 'CAMPUS_PARANAGUÁ', 'CAMPUS_PARANAVAÍ', 'CAMPUS_PINHAIS', 'CAMPUS_PITANGA', 'CAMPUS_QUEDAS DO IGUAÇU', 'CAMPUS_TELÊMACO BORBA', 'CAMPUS_UMUARAMA', 'CURSOS_GRAD_MATUTINO', 'CURSOS_GRAD_VESPERTINO', 'CURSOS_POS', 'FÉRIAS', 'COVID', 'GREVE', 'LAG_01', 'LAG_02', 'LAG_03', 'LAG_04', 'LAG_05', 'LAG_07', 'LAG_08', 'LAG_10');0.49975
('TEMP_MÉD_MIN_MENS', 'TEMP_MÉD_MAX_MENS', 'TEMP_MÉD_ACC_MENS', 'TEMP_MAX_MÉD_MENS', 'PRECIPITAÇÃO_MÉD_MENS', 'PRECIPITAÇÃO_MIN_MENS', 'TEMP_MAX_ACC_MENS', 'DIA_DA_SEMANA_dom', 'DIA_DA_SEMANA_qua', 'DIA_DA_SEMANA_qui', 'DIA_DA_SEMANA_seg', 'DIA_DA_SEMANA_sáb', 'MÊS_abr', 'MÊS_ago', 'MÊS_fev', 'MÊS_jan', 'MÊS_jul', 'MÊS_jun', 'MÊS_mai', 'MÊS_mar', 'MÊS_nov', 'MÊS_set', 'ANO_2021', 'ANO_2022', 'ANO_2024', 'ANO_2015', 'ANO_2016', 'ANO_2017', 'ANO_2019', 'CAMPUS_ASTORGA', 'CAMPUS_BARRACÃO', 'CAMPUS_CASCAVEL', 'CAMPUS_FOZ DO IGUAÇU', 'CAMPUS_GOIOERÊ', 'CAMPUS_IRATI', 'CAMPUS_IVAIPORÃ', 'CAMPUS_JACAREZINHO', 'CAMPUS_JAGUARIAÍVA', 'CAMPUS_LONDRINA - CENTRO', 'CAMPUS_PALMAS', 'CAMPUS_PARANAGUÁ', 'CAMPUS_PINHAIS', 'CAMPUS_TELÊMACO BORBA', 'CAMPUS_UNIÃO DA VITÓRIA', 'CURSOS_TEC_CONCOMITANTE', 'CURSOS_POS', 'FÉRIAS', 'FERIADO', 'ORDEM', 'LAG_03', 'LAG_04', 'LAG_07', 'LAG_08', 'LAG_09', 'LAG_12');0.67177
('TEMP_MIN_MÉD_MENS', 'TEMP_MÉD_MÉD_MENS', 'TEMP_MÉD_ACC_MENS', 'PRECIPITAÇÃO_MÉD_MENS', 'TEMP_MIN_MIN_MENS', 'TEMP_MIN_MAX_MENS', 'PRECIPITAÇÃO_ACC_MENS', 'DIA_DA_SEMANA_dom', 'DIA_DA_SEMANA_seg', 'DIA_DA_SEMANA_sex', 'DIA_DA_SEMANA_sáb', 'DIA_DA_SEMANA_ter', 'MÊS_ago', 'MÊS_dez', 'MÊS_jan', 'MÊS_mai', 'MÊS_mar', 'MÊS_out', 'MÊS_set', 'ANO_2022', 'ANO_2015', 'ANO_2016', 'CAMPUS_ASSIS CHATEAUBRIAND', 'CAMPUS_ASTORGA', 'CAMPUS_BARRACÃO', 'CAMPUS_CAMPO LARGO', 'CAMPUS_CORONEL VIVIDA', 'CAMPUS_CURITIBA', 'CAMPUS_FOZ DO IGUAÇU', 'CAMPUS_GOIOERÊ', 'CAMPUS_IRATI', 'CAMPUS_IVAIPORÃ', 'CAMPUS_JACAREZINHO', 'CAMPUS_LONDRINA - CENTRO', 'CAMPUS_PALMAS', 'CAMPUS_PARANAVAÍ', 'CAMPUS_PINHAIS', 'CAMPUS_PITANGA', 'CAMPUS_QUEDAS DO IGUAÇU', 'CAMPUS_UNIÃO DA VITÓRIA', 'CURSOS_TEC_CONCOMITANTE', 'CURSOS_TEC_INTEGRADO', 'CURSOS_GRAD_MATUTINO', 'CURSOS_GRAD_VESPERTINO', 'CURSOS_GRAD_NOTURNO', 'CURSOS_POS', 'ORDEM', 'LAG_01', 'LAG_02', 'LAG_03', 'LAG_04', 'LAG_05', 'LAG_06', 'LAG_07', 'LAG_10', 'LAG_11');0.51898
('TEMP_MÉD_MIN_MENS', 'TEMP_MÉD_MAX_MENS', 'PRECIPITAÇÃO_MÉD_MENS', 'TEMP_MIN_ACC_MENS', 'PRECIPITAÇÃO_MIN_MENS', 'TEMP_MAX_MAX_MENS', 'PRECIPITAÇÃO_MAX_MENS', 'PRECIPITAÇÃO_ACC_MENS', 'DIA_DA_SEMANA_dom', 'DIA_DA_SEMANA_qua', 'DIA_DA_SEMANA_sex', 'MÊS_abr', 'MÊS_jun', 'MÊS_mai', 'MÊS_mar', 'MÊS_nov', 'MÊS_out', 'ANO_2021', 'ANO_2023', 'ANO_2015', 'ANO_2016', 'ANO_2018', 'CAMPUS_ASSIS CHATEAUBRIAND', 'CAMPUS_ASTORGA', 'CAMPUS_BARRACÃO', 'CAMPUS_IRATI', 'CAMPUS_JACAREZINHO', 'CAMPUS_PALMAS', 'CAMPUS_PARANAGUÁ', 'CAMPUS_PARANAVAÍ', 'CAMPUS_PINHAIS', 'CAMPUS_PITANGA', 'CAMPUS_QUEDAS DO IGUAÇU', 'CAMPUS_TELÊMACO BORBA', 'CAMPUS_UNIÃO DA VITÓRIA', 'CURSOS_TEC_CONCOMITANTE', 'CURSOS_TEC_SUBSEQUENTE', 'CURSOS_GRAD_MATUTINO', 'CURSOS_GRAD_VESPERTINO', 'CURSOS_GRAD_NOTURNO', 'FÉRIAS', 'COVID', 'GREVE', 'ORDEM', 'LAG_02', 'LAG_03', 'LAG_06', 'LAG_07', 'LAG_09', 'LAG_12');0.62256
('TEMP_MÉD_MIN_MENS', 'TEMP_MAX_MÉD_MENS', 'TEMP_MIN_MIN_MENS', 'TEMP_MIN_MAX_MENS', 'TEMP_MAX_MIN_MENS', 'TEMP_MAX_MAX_MENS', 'PRECIPITAÇÃO_MAX_MENS', 'PRECIPITAÇÃO_ACC_MENS', 'DIA_DA_SEMANA_dom', 'DIA_DA_SEMANA_qua', 'DIA_DA_SEMANA_qui', 'DIA_DA_SEMANA_sáb', 'MÊS_jan', 'MÊS_jul', 'MÊS_jun', 'MÊS_mai', 'MÊS_mar', 'MÊS_nov', 'MÊS_out', 'ANO_2021', 'ANO_2022', 'ANO_2023', 'ANO_2015', 'ANO_2016', 'ANO_2017', 'ANO_2020', 'CAMPUS_ASTORGA', 'CAMPUS_CAMPO LARGO', 'CAMPUS_CAPANEMA', 'CAMPUS_CASCAVEL', 'CAMPUS_CORONEL VIVIDA', 'CAMPUS_CURITIBA', 'CAMPUS_GOIOERÊ', 'CAMPUS_JACAREZINHO', 'CAMPUS_JAGUARIAÍVA', 'CAMPUS_LONDRINA - CENTRO', 'CAMPUS_PALMAS', 'CAMPUS_PARANAGUÁ', 'CAMPUS_PINHAIS', 'CAMPUS_PITANGA', 'CAMPUS_QUEDAS DO IGUAÇU', 'CAMPUS_TELÊMACO BORBA', 'CAMPUS_UMUARAMA', 'CURSOS_GRAD_VESPERTINO', 'CURSOS_GRAD_NOTURNO', 'CURSOS_POS', 'FERIADO', 'COVID', 'LAG_02', 'LAG_04', 'LAG_10', 'LAG_12');0.60221
('TEMP_MÉD_MIN_MENS', 'TEMP_MÉD_MÉD_MENS', 'TEMP_MÉD_MAX_MENS', 'TEMP_MÉD_ACC_MENS', 'PRECIPITAÇÃO_MÉD_MENS', 'TEMP_MIN_MAX_MENS', 'TEMP_MIN_ACC_MENS', 'TEMP_MAX_MIN_MENS', 'PRECIPITAÇÃO_MIN_MENS', 'TEMP_MAX_MAX_MENS', 'TEMP_MAX_ACC_MENS', 'PRECIPITAÇÃO_MAX_MENS', 'DIA_DA_SEMANA_dom', 'DIA_DA_SEMANA_qua', 'DIA_DA_SEMANA_qui', 'DIA_DA_SEMANA_seg', 'DIA_DA_SEMANA_sáb', 'DIA_DA_SEMANA_ter', 'MÊS_fev', 'MÊS_jan', 'MÊS_mar', 'MÊS_nov', 'ANO_2021', 'ANO_2024', 'ANO_2015', 'ANO_2016', 'ANO_2017', 'ANO_2018', 'ANO_2019', 'ANO_2020', 'CAMPUS_ASSIS CHATEAUBRIAND', 'CAMPUS_ASTORGA', 'CAMPUS_BARRACÃO', 'CAMPUS_CAPANEMA', 'CAMPUS_CASCAVEL', 'CAMPUS_CORONEL VIVIDA', 'CAMPUS_GOIOERÊ', 'CAMPUS_IVAIPORÃ', 'CAMPUS_PARANAVAÍ', 'CAMPUS_UMUARAMA', 'CAMPUS_UNIÃO DA VITÓRIA', 'CURSOS_TEC_CONCOMITANTE', 'CURSOS_TEC_INTEGRADO', 'CURSOS_TEC_SUBSEQUENTE', 'CURSOS_GRAD_MATUTINO', 'CURSOS_GRAD_NOTURNO', 'CURSOS_POS', 'COVID', 'GREVE', 'LAG_01', 'LAG_02', 'LAG_03', 'LAG_04', 'LAG_05', 'LAG_06', 'LAG_07', 'LAG_08', 'LAG_10', 'LAG_11');0.51357
('TEMP_MIN_MÉD_MENS', 'TEMP_MÉD_MIN_MENS', 'TEMP_MÉD_MÉD_MENS', 'TEMP_MÉD_ACC_MENS', 'TEMP_MAX_MÉD_MENS', 'PRECIPITAÇÃO_MÉD_MENS', 'TEMP_MIN_MIN_MENS', 'TEMP_MIN_ACC_MENS', 'TEMP_MAX_MIN_MENS', 'PRECIPITAÇÃO_MIN_MENS', 'TEMP_MAX_ACC_MENS', 'PRECIPITAÇÃO_MAX_MENS', 'PRECIPITAÇÃO_ACC_MENS', 'DIA_DA_SEMANA_dom', 'DIA_DA_SEMANA_qua', 'DIA_DA_SEMANA_qui', 'DIA_DA_SEMANA_sáb', 'MÊS_ago', 'MÊS_jul', 'MÊS_jun', 'MÊS_mar', 'MÊS_out', 'MÊS_set', 'ANO_2021', 'ANO_2023', 'ANO_2024', 'ANO_2017', 'ANO_2019', 'CAMPUS_ASSIS CHATEAUBRIAND', 'CAMPUS_ASTORGA', 'CAMPUS_BARRACÃO', 'CAMPUS_CAMPO LARGO', 'CAMPUS_CAPANEMA', 'CAMPUS_CASCAVEL', 'CAMPUS_CORONEL VIVIDA', 'CAMPUS_CURITIBA', 'CAMPUS_FOZ DO IGUAÇU', 'CAMPUS_GOIOERÊ', 'CAMPUS_IVAIPORÃ', 'CAMPUS_JAGUARIAÍVA', 'CAMPUS_LONDRINA - CENTRO', 'CAMPUS_PARANAGUÁ', 'CAMPUS_PINHAIS', 'CAMPUS_QUEDAS DO IGUAÇU', 'CAMPUS_TELÊMACO BORBA', 'CAMPUS_UMUARAMA', 'CAMPUS_UNIÃO DA VITÓRIA', 'CURSOS_TEC_SUBSEQUENTE', 'CURSOS_GRAD_MATUTINO', 'CURSOS_GRAD_NOTURNO', 'COVID', 'GREVE', 'ORDEM', 'LAG_03', 'LAG_07', 'LAG_09', 'LAG_10', 'LAG_11');0.65097
('TEMP_MIN_MÉD_MENS', 'TEMP_MÉD_MIN_MENS', 'TEMP_MÉD_MÉD_MENS', 'TEMP_MÉD_MAX_MENS', 'TEMP_MÉD_ACC_MENS', 'TEMP_MAX_MÉD_MENS', 'PRECIPITAÇÃO_MÉD_MENS', 'TEMP_MIN_MIN_MENS', 'TEMP_MIN_MAX_MENS', 'TEMP_MIN_ACC_MENS', 'PRECIPITAÇÃO_MIN_MENS', 'TEMP_MAX_MAX_MENS', 'TEMP_MAX_ACC_MENS', 'PRECIPITAÇÃO_MAX_MENS', 'PRECIPITAÇÃO_ACC_MENS', 'DIA_DA_SEMANA_qua', 'DIA_DA_SEMANA_sáb', 'MÊS_jan', 'MÊS_jun', 'MÊS_set', 'ANO_2021', 'ANO_2022', 'ANO_2023', 'ANO_2024', 'ANO_2015', 'ANO_2016', 'ANO_2017', 'ANO_2020', 'CAMPUS_BARRACÃO', 'CAMPUS_CAMPO LARGO', 'CAMPUS_CASCAVEL', 'CAMPUS_CURITIBA', 'CAMPUS_FOZ DO IGUAÇU', 'CAMPUS_GOIOERÊ', 'CAMPUS_IRATI', 'CAMPUS_JACAREZINHO', 'CAMPUS_PITANGA', 'CAMPUS_UMUARAMA', 'CURSOS_TEC_CONCOMITANTE', 'CURSOS_TEC_INTEGRADO', 'CURSOS_TEC_SUBSEQUENTE', 'CURSOS_GRAD_VESPERTINO', 'CURSOS_GRAD_NOTURNO', 'FERIADO', 'COVID', 'GREVE', 'ORDEM', 'LAG_01', 'LAG_02', 'LAG_03', 'LAG_05', 'LAG_06', 'LAG_07', 'LAG_08', 'LAG_11', 'LAG_12');0.49666
('TEMP_MIN_MÉD_MENS', 'TEMP_MÉD_MÉD_MENS', 'TEMP_MIN_MIN_MENS', 'TEMP_MIN_ACC_MENS', 'TEMP_MAX_MIN_MENS', 'TEMP_MAX_ACC_MENS', 'DIA_DA_SEMANA_qua', 'DIA_DA_SEMANA_qui', 'DIA_DA_SEMANA_seg', 'DIA_DA_SEMANA_sex', 'MÊS_abr', 'MÊS_ago', 'MÊS_dez', 'MÊS_fev', 'MÊS_jul', 'MÊS_jun', 'MÊS_mai', 'ANO_2021', 'ANO_2022', 'ANO_2024', 'ANO_2016', 'ANO_2017', 'ANO_2019', 'ANO_2020', 'CAMPUS_BARRACÃO', 'CAMPUS_CAMPO LARGO', 'CAMPUS_CAPANEMA', 'CAMPUS_CASCAVEL', 'CAMPUS_FOZ DO IGUAÇU', 'CAMPUS_IVAIPORÃ', 'CAMPUS_JACAREZINHO', 'CAMPUS_JAGUARIAÍVA', 'CAMPUS_PINHAIS', 'CAMPUS_PITANGA', 'CAMPUS_UMUARAMA', 'CURSOS_TEC_CONCOMITANTE', 'CURSOS_GRAD_MATUTINO', 'CURSOS_GRAD_VESPERTINO', 'CURSOS_GRAD_NOTURNO', 'CURSOS_POS', 'GREVE', 'ORDEM', 'LAG_01', 'LAG_02', 'LAG_03', 'LAG_05', 'LAG_06', 'LAG_07', 'LAG_08', 'LAG_09', 'LAG_10', 'LAG_12');0.50183
('TEMP_MIN_MÉD_MENS', 'TEMP_MÉD_MIN_MENS', 'TEMP_MÉD_MAX_MENS', 'TEMP_MÉD_ACC_MENS', 'TEMP_MAX_MÉD_MENS', 'TEMP_MIN_MIN_MENS', 'TEMP_MIN_MAX_MENS', 'TEMP_MIN_ACC_MENS', 'TEMP_MAX_MIN_MENS', 'TEMP_MAX_MAX_MENS', 'TEMP_MAX_ACC_MENS', 'DIA_DA_SEMANA_dom', 'DIA_DA_SEMANA_qua', 'DIA_DA_SEMANA_sex', 'DIA_DA_SEMANA_sáb', 'MÊS_abr', 'MÊS_dez', 'MÊS_fev', 'MÊS_jan', 'MÊS_jul', 'MÊS_mai', 'MÊS_mar', 'MÊS_nov', 'MÊS_set', 'ANO_2021', 'ANO_2022', 'ANO_2024', 'ANO_2015', 'ANO_2016', 'ANO_2017', 'ANO_2019', 'CAMPUS_ASTORGA', 'CAMPUS_BARRACÃO', 'CAMPUS_CAMPO LARGO', 'CAMPUS_CAPANEMA', 'CAMPUS_CASCAVEL', 'CAMPUS_FOZ DO IGUAÇU', 'CAMPUS_GOIOERÊ', 'CAMPUS_IRATI', 'CAMPUS_JACAREZINHO', 'CAMPUS_LONDRINA - CENTRO', 'CAMPUS_PARANAGUÁ', 'CAMPUS_PARANAVAÍ', 'CAMPUS_PINHAIS', 'CAMPUS_PITANGA', 'CAMPUS_QUEDAS DO IGUAÇU', 'CAMPUS_UMUARAMA', 'CURSOS_TEC_CONCOMITANTE', 'CURSOS_TEC_SUBSEQUENTE', 'CURSOS_GRAD_VESPERTINO', 'ORDEM', 'LAG_01', 'LAG_02', 'LAG_03', 'LAG_05', 'LAG_06', 'LAG_07', 'LAG_08', 'LAG_09', 'LAG_11', 'LAG_12');0.50437
('TEMP_MÉD_ACC_MENS', 'TEMP_MIN_ACC_MENS', 'PRECIPITAÇÃO_MIN_MENS', 'TEMP_MAX_MAX_MENS', 'DIA_DA_SEMANA_qua', 'DIA_DA_SEMANA_seg', 'DIA_DA_SEMANA_sex', 'DIA_DA_SEMANA_sáb', 'DIA_DA_SEMANA_ter', 'MÊS_dez', 'MÊS_fev', 'MÊS_jan', 'MÊS_jul', 'MÊS_mai', 'MÊS_mar', 'MÊS_nov', 'ANO_2023', 'ANO_2024', 'ANO_2015', 'ANO_2018', 'ANO_2019', 'ANO_2020', 'CAMPUS_ASSIS CHATEAUBRIAND', 'CAMPUS_CAMPO LARGO', 'CAMPUS_CORONEL VIVIDA', 'CAMPUS_CURITIBA', 'CAMPUS_FOZ DO IGUAÇU', 'CAMPUS_IRATI', 'CAMPUS_JACAREZINHO', 'CAMPUS_PALMAS', 'CAMPUS_PINHAIS', 'CAMPUS_PITANGA', 'CAMPUS_QUEDAS DO IGUAÇU', 'CAMPUS_UMUARAMA', 'CAMPUS_UNIÃO DA VITÓRIA', 'CURSOS_TEC_CONCOMITANTE', 'CURSOS_TEC_SUBSEQUENTE', 'CURSOS_GRAD_MATUTINO', 'CURSOS_GRAD_VESPERTINO', 'CURSOS_GRAD_NOTURNO', 'FÉRIAS', 'COVID', 'GREVE', 'ORDEM', 'LAG_03', 'LAG_04', 'LAG_06', 'LAG_07', 'LAG_10', 'LAG_11');0.65664
('TEMP_MIN_MÉD_MENS', 'TEMP_MÉD_ACC_MENS', 'PRECIPITAÇÃO_MÉD_MENS', 'TEMP_MIN_MIN_MENS', 'TEMP_MIN_MAX_MENS', 'TEMP_MIN_ACC_MENS', 'PRECIPITAÇÃO_MIN_MENS', 'TEMP_MAX_MAX_MENS', 'PRECIPITAÇÃO_MAX_MENS', 'PRECIPITAÇÃO_ACC_MENS', 'DIA_DA_SEMANA_qui', 'DIA_DA_SEMANA_seg', 'DIA_DA_SEMANA_sex', 'DIA_DA_SEMANA_sáb', 'MÊS_abr', 'MÊS_ago', 'MÊS_dez', 'MÊS_fev', 'MÊS_jun', 'MÊS_mai', 'MÊS_out', 'MÊS_set', 'ANO_2021', 'ANO_2022', 'ANO_2024', 'ANO_2016', 'ANO_2017', 'ANO_2019', 'CAMPUS_ASSIS CHATEAUBRIAND', 'CAMPUS_CASCAVEL', 'CAMPUS_CORONEL VIVIDA', 'CAMPUS_GOIOERÊ', 'CAMPUS_IRATI', 'CAMPUS_IVAIPORÃ', 'CAMPUS_LONDRINA - CENTRO', 'CAMPUS_PALMAS', 'CAMPUS_PARANAVAÍ', 'CAMPUS_PINHAIS', 'CAMPUS_PITANGA', 'CAMPUS_QUEDAS DO IGUAÇU', 'CAMPUS_TELÊMACO BORBA', 'CAMPUS_UMUARAMA', 'CAMPUS_UNIÃO DA VITÓRIA', 'CURSOS_GRAD_VESPERTINO', 'CURSOS_POS', 'FÉRIAS', 'FERIADO', 'GREVE', 'ORDEM', 'LAG_01', 'LAG_02', 'LAG_03', 'LAG_04', 'LAG_06', 'LAG_07', 'LAG_08', 'LAG_10', 'LAG_11');0.538
('TEMP_MIN_MÉD_MENS', 'TEMP_MÉD_MIN_MENS', 'TEMP_MÉD_MÉD_MENS', 'TEMP_MÉD_MAX_MENS', 'TEMP_MÉD_ACC_MENS', 'TEMP_MAX_MÉD_MENS', 'PRECIPITAÇÃO_MÉD_MENS', 'TEMP_MIN_MIN_MENS', 'TEMP_MIN_ACC_MENS', 'TEMP_MAX_MIN_MENS', 'PRECIPITAÇÃO_MIN_MENS', 'TEMP_MAX_MAX_MENS', 'PRECIPITAÇÃO_ACC_MENS', 'DIA_DA_SEMANA_qui', 'DIA_DA_SEMANA_seg', 'DIA_DA_SEMANA_sex', 'DIA_DA_SEMANA_ter', 'MÊS_dez', 'MÊS_fev', 'MÊS_jan', 'MÊS_jun', 'MÊS_mai', 'MÊS_mar', 'MÊS_nov', 'MÊS_out', 'MÊS_set', 'ANO_2022', 'ANO_2023', 'ANO_2024', 'ANO_2015', 'ANO_2016', 'ANO_2020', 'CAMPUS_CAPANEMA', 'CAMPUS_CASCAVEL', 'CAMPUS_CORONEL VIVIDA', 'CAMPUS_GOIOERÊ', 'CAMPUS_IRATI', 'CAMPUS_JACAREZINHO', 'CAMPUS_JAGUARIAÍVA', 'CAMPUS_LONDRINA - CENTRO', 'CAMPUS_PARANAGUÁ', 'CAMPUS_PITANGA', 'CAMPUS_TELÊMACO BORBA', 'CAMPUS_UMUARAMA', 'CAMPUS_UNIÃO DA VITÓRIA', 'CURSOS_TEC_CONCOMITANTE', 'CURSOS_TEC_INTEGRADO', 'CURSOS_TEC_SUBSEQUENTE', 'CURSOS_GRAD_MATUTINO', 'CURSOS_GRAD_VESPERTINO', 'GREVE', 'LAG_01', 'LAG_02', 'LAG_05', 'LAG_08', 'LAG_09', 'LAG_10', 'LAG_11', 'LAG_12');0.49581
('TEMP_MIN_MÉD_MENS', 'TEMP_MÉD_MIN_MENS', 'TEMP_MÉD_MÉD_MENS', 'TEMP_MÉD_ACC_MENS', 'TEMP_MAX_MÉD_MENS', 'TEMP_MIN_MIN_MENS', 'TEMP_MIN_ACC_MENS', 'TEMP_MAX_MIN_MENS', 'PRECIPITAÇÃO_MIN_MENS', 'TEMP_MAX_MAX_MENS', 'PRECIPITAÇÃO_MAX_MENS', 'PRECIPITAÇÃO_ACC_MENS', 'DIA_DA_SEMANA_dom', 'DIA_DA_SEMANA_qua', 'DIA_DA_SEMANA_qui', 'DIA_DA_SEMANA_sáb', 'MÊS_fev', 'MÊS_jan', 'MÊS_jul', 'MÊS_jun', 'MÊS_nov', 'MÊS_set', 'ANO_2022', 'ANO_2023', 'ANO_2015', 'ANO_2016', 'ANO_2017', 'ANO_2020', 'CAMPUS_BARRACÃO', 'CAMPUS_CAMPO LARGO', 'CAMPUS_CAPANEMA', 'CAMPUS_CASCAVEL', 'CAMPUS_CORONEL VIVIDA', 'CAMPUS_CURITIBA', 'CAMPUS_FOZ DO IGUAÇU', 'CAMPUS_GOIOERÊ', 'CAMPUS_IRATI', 'CAMPUS_IVAIPORÃ', 'CAMPUS_JAGUARIAÍVA', 'CAMPUS_LONDRINA - CENTRO', 'CAMPUS_PALMAS', 'CAMPUS_PINHAIS', 'CAMPUS_PITANGA', 'CAMPUS_TELÊMACO BORBA', 'CAMPUS_UMUARAMA', 'CAMPUS_UNIÃO DA VITÓRIA', 'CURSOS_TEC_CONCOMITANTE', 'CURSOS_TEC_SUBSEQUENTE', 'CURSOS_GRAD_MATUTINO', 'CURSOS_GRAD_NOTURNO', 'CURSOS_POS', 'FÉRIAS', 'FERIADO', 'GREVE', 'ORDEM', 'LAG_01', 'LAG_05', 'LAG_06', 'LAG_08', 'LAG_10', 'LAG_11', 'LAG_12');0.49515
('TEMP_MÉD_MIN_MENS', 'TEMP_MÉD_MÉD_MENS', 'TEMP_MÉD_MAX_MENS', 'TEMP_MÉD_ACC_MENS', 'TEMP_MAX_MÉD_MENS', 'TEMP_MIN_MIN_MENS', 'TEMP_MIN_MAX_MENS', 'TEMP_MIN_ACC_MENS', 'TEMP_MAX_MAX_MENS', 'PRECIPITAÇÃO_ACC_MENS', 'DIA_DA_SEMANA_qua', 'DIA_DA_SEMANA_qui', 'DIA_DA_SEMANA_sex', 'DIA_DA_SEMANA_sáb', 'DIA_DA_SEMANA_ter', 'MÊS_abr', 'MÊS_jul', 'MÊS_jun', 'MÊS_mai', 'MÊS_mar', 'MÊS_nov', 'MÊS_set', 'ANO_2021', 'ANO_2023', 'ANO_2015', 'ANO_2016', 'ANO_2017', 'ANO_2018', 'ANO_2019', 'ANO_2020', 'CAMPUS_ASTORGA', 'CAMPUS_BARRACÃO', 'CAMPUS_CAMPO LARGO', 'CAMPUS_CAPANEMA', 'CAMPUS_CASCAVEL', 'CAMPUS_FOZ DO IGUAÇU', 'CAMPUS_GOIOERÊ', 'CAMPUS_IRATI', 'CAMPUS_IVAIPORÃ', 'CAMPUS_JACAREZINHO', 'CAMPUS_LONDRINA - CENTRO', 'CAMPUS_PALMAS', 'CAMPUS_PARANAGUÁ', 'CAMPUS_PINHAIS', 'CAMPUS_PITANGA', 'CAMPUS_QUEDAS DO IGUAÇU', 'CAMPUS_TELÊMACO BORBA', 'CAMPUS_UMUARAMA', 'CURSOS_TEC_INTEGRADO', 'CURSOS_GRAD_NOTURNO', 'CURSOS_POS', 'FÉRIAS', 'COVID', 'ORDEM', 'LAG_01', 'LAG_02', 'LAG_03', 'LAG_04', 'LAG_05', 'LAG_06', 'LAG_11');0.50556
('TEMP_MIN_MÉD_MENS', 'TEMP_MÉD_MÉD_MENS', 'TEMP_MÉD_ACC_MENS', 'PRECIPITAÇÃO_MÉD_MENS', 'TEMP_MIN_MIN_MENS', 'TEMP_MAX_MIN_MENS', 'TEMP_MAX_MAX_MENS', 'TEMP_MAX_ACC_MENS', 'DIA_DA_SEMANA_qua', 'DIA_DA_SEMANA_qui', 'DIA_DA_SEMANA_sex', 'DIA_DA_SEMANA_sáb', 'MÊS_ago', 'MÊS_mai', 'MÊS_nov', 'MÊS_set', 'ANO_2021', 'ANO_2022', 'ANO_2023', 'ANO_2015', 'ANO_2016', 'ANO_2020', 'CAMPUS_ASSIS CHATEAUBRIAND', 'CAMPUS_BARRACÃO', 'CAMPUS_CAMPO LARGO', 'CAMPUS_CORONEL VIVIDA', 'CAMPUS_CURITIBA', 'CAMPUS_IRATI', 'CAMPUS_IVAIPORÃ', 'CAMPUS_PARANAGUÁ', 'CAMPUS_PARANAVAÍ', 'CURSOS_TEC_CONCOMITANTE', 'CURSOS_GRAD_NOTURNO', 'CURSOS_POS', 'FÉRIAS', 'FERIADO', 'COVID', 'GREVE', 'ORDEM', 'LAG_02', 'LAG_03', 'LAG_04', 'LAG_05', 'LAG_07', 'LAG_09', 'LAG_10', 'LAG_11', 'LAG_12');0.61971
('TEMP_MIN_MÉD_MENS', 'TEMP_MÉD_MIN_MENS', 'TEMP_MÉD_MAX_MENS', 'TEMP_MÉD_ACC_MENS', 'TEMP_MAX_MÉD_MENS', 'PRECIPITAÇÃO_MÉD_MENS', 'TEMP_MIN_MAX_MENS', 'TEMP_MIN_ACC_MENS', 'PRECIPITAÇÃO_MIN_MENS', 'PRECIPITAÇÃO_MAX_MENS', 'DIA_DA_SEMANA_qua', 'DIA_DA_SEMANA_qui', 'DIA_DA_SEMANA_seg', 'DIA_DA_SEMANA_sex', 'DIA_DA_SEMANA_sáb', 'MÊS_ago', 'MÊS_dez', 'MÊS_fev', 'MÊS_jan', 'MÊS_jul', 'MÊS_mar', 'MÊS_out', 'ANO_2015', 'ANO_2017', 'ANO_2019', 'ANO_2020', 'CAMPUS_ASSIS CHATEAUBRIAND', 'CAMPUS_ASTORGA', 'CAMPUS_BARRACÃO', 'CAMPUS_CAMPO LARGO', 'CAMPUS_CAPANEMA', 'CAMPUS_CORONEL VIVIDA', 'CAMPUS_FOZ DO IGUAÇU', 'CAMPUS_GOIOERÊ', 'CAMPUS_IVAIPORÃ', 'CAMPUS_LONDRINA - CENTRO', 'CAMPUS_PARANAVAÍ', 'CAMPUS_PINHAIS', 'CAMPUS_PITANGA', 'CAMPUS_TELÊMACO BORBA', 'CURSOS_TEC_INTEGRADO', 'CURSOS_POS', 'COVID', 'LAG_01', 'LAG_03', 'LAG_06', 'LAG_07', 'LAG_08', 'LAG_09', 'LAG_11');0.51438
('TEMP_MIN_MÉD_MENS', 'TEMP_MÉD_MIN_MENS', 'TEMP_MÉD_MÉD_MENS', 'TEMP_MÉD_ACC_MENS', 'PRECIPITAÇÃO_MÉD_MENS', 'TEMP_MIN_MIN_MENS', 'TEMP_MIN_ACC_MENS', 'TEMP_MAX_MAX_MENS', 'TEMP_MAX_ACC_MENS', 'PRECIPITAÇÃO_MAX_MENS', 'PRECIPITAÇÃO_ACC_MENS', 'DIA_DA_SEMANA_qua', 'DIA_DA_SEMANA_qui', 'DIA_DA_SEMANA_sex', 'MÊS_abr', 'MÊS_ago', 'MÊS_dez', 'MÊS_jul', 'MÊS_jun', 'MÊS_mai', 'MÊS_mar', 'MÊS_nov', 'ANO_2022', 'ANO_2023', 'ANO_2015', 'ANO_2017', 'ANO_2018', 'CAMPUS_ASSIS CHATEAUBRIAND', 'CAMPUS_ASTORGA', 'CAMPUS_BARRACÃO', 'CAMPUS_CAMPO LARGO', 'CAMPUS_CAPANEMA', 'CAMPUS_CORONEL VIVIDA', 'CAMPUS_CURITIBA', 'CAMPUS_GOIOERÊ', 'CAMPUS_IRATI', 'CAMPUS_JACAREZINHO', 'CAMPUS_JAGUARIAÍVA', 'CAMPUS_PALMAS', 'CAMPUS_PARANAGUÁ', 'CAMPUS_PARANAVAÍ', 'CAMPUS_PINHAIS', 'CAMPUS_PITANGA', 'CAMPUS_QUEDAS DO IGUAÇU', 'CAMPUS_TELÊMACO BORBA', 'CAMPUS_UMUARAMA', 'CURSOS_TEC_INTEGRADO', 'CURSOS_TEC_SUBSEQUENTE', 'CURSOS_GRAD_MATUTINO', 'CURSOS_GRAD_VESPERTINO', 'FÉRIAS', 'FERIADO', 'COVID', 'LAG_01', 'LAG_05', 'LAG_06', 'LAG_08', 'LAG_09', 'LAG_10', 'LAG_11');0.51374
('TEMP_MIN_MÉD_MENS', 'TEMP_MÉD_MÉD_MENS', 'TEMP_MÉD_ACC_MENS', 'TEMP_MAX_MÉD_MENS', 'PRECIPITAÇÃO_MÉD_MENS', 'TEMP_MIN_MAX_MENS', 'TEMP_MIN_ACC_MENS', 'PRECIPITAÇÃO_MIN_MENS', 'TEMP_MAX_MAX_MENS', 'PRECIPITAÇÃO_MAX_MENS', 'PRECIPITAÇÃO_ACC_MENS', 'DIA_DA_SEMANA_dom', 'DIA_DA_SEMANA_qui', 'DIA_DA_SEMANA_seg', 'DIA_DA_SEMANA_ter', 'MÊS_abr', 'MÊS_dez', 'MÊS_jan', 'MÊS_jul', 'MÊS_nov', 'MÊS_out', 'MÊS_set', 'ANO_2021', 'ANO_2022', 'ANO_2023', 'ANO_2019', 'ANO_2020', 'CAMPUS_CASCAVEL', 'CAMPUS_CORONEL VIVIDA', 'CAMPUS_FOZ DO IGUAÇU', 'CAMPUS_GOIOERÊ', 'CAMPUS_IVAIPORÃ', 'CAMPUS_JACAREZINHO', 'CAMPUS_JAGUARIAÍVA', 'CAMPUS_PALMAS', 'CAMPUS_PARANAGUÁ', 'CAMPUS_PITANGA', 'CAMPUS_TELÊMACO BORBA', 'CAMPUS_UMUARAMA', 'CURSOS_TEC_CONCOMITANTE', 'CURSOS_TEC_SUBSEQUENTE', 'CURSOS_GRAD_MATUTINO', 'CURSOS_GRAD_NOTURNO', 'FERIADO', 'ORDEM', 'LAG_01', 'LAG_03', 'LAG_06', 'LAG_08', 'LAG_11', 'LAG_12');0.48838
('TEMP_MIN_MÉD_MENS', 'TEMP_MÉD_MIN_MENS', 'TEMP_MÉD_ACC_MENS', 'PRECIPITAÇÃO_MÉD_MENS', 'TEMP_MIN_ACC_MENS', 'TEMP_MAX_MIN_MENS', 'PRECIPITAÇÃO_MIN_MENS', 'TEMP_MAX_MAX_MENS', 'PRECIPITAÇÃO_MAX_MENS', 'PRECIPITAÇÃO_ACC_MENS', 'DIA_DA_SEMANA_qua', 'DIA_DA_SEMANA_seg', 'DIA_DA_SEMANA_sáb', 'DIA_DA_SEMANA_ter', 'MÊS_abr', 'MÊS_fev', 'MÊS_jan', 'MÊS_jun', 'MÊS_mai', 'MÊS_mar', 'MÊS_nov', 'MÊS_out', 'MÊS_set', 'ANO_2021', 'ANO_2023', 'ANO_2015', 'ANO_2016', 'ANO_2017', 'ANO_2019', 'CAMPUS_ASSIS CHATEAUBRIAND', 'CAMPUS_ASTORGA', 'CAMPUS_CAMPO LARGO', 'CAMPUS_CORONEL VIVIDA', 'CAMPUS_FOZ DO IGUAÇU', 'CAMPUS_GOIOERÊ', 'CAMPUS_IRATI', 'CAMPUS_JAGUARIAÍVA', 'CAMPUS_LONDRINA - CENTRO', 'CAMPUS_PALMAS', 'CAMPUS_PARANAVAÍ', 'CAMPUS_PINHAIS', 'CAMPUS_PITANGA', 'CAMPUS_QUEDAS DO IGUAÇU', 'CAMPUS_UNIÃO DA VITÓRIA', 'CURSOS_TEC_INTEGRADO', 'CURSOS_POS', 'FERIADO', 'COVID', 'GREVE', 'LAG_02', 'LAG_03', 'LAG_10', 'LAG_11');0.6491
('TEMP_MIN_MÉD_MENS', 'TEMP_MÉD_MIN_MENS', 'TEMP_MÉD_MAX_MENS', 'TEMP_MAX_MÉD_MENS', 'PRECIPITAÇÃO_MÉD_MENS', 'TEMP_MIN_MAX_MENS', 'TEMP_MIN_ACC_MENS', 'TEMP_MAX_MIN_MENS', 'TEMP_MAX_MAX_MENS', 'PRECIPITAÇÃO_MAX_MENS', 'DIA_DA_SEMANA_dom', 'DIA_DA_SEMANA_qua', 'DIA_DA_SEMANA_qui', 'DIA_DA_SEMANA_seg', 'DIA_DA_SEMANA_sex', 'DIA_DA_SEMANA_ter', 'MÊS_abr', 'MÊS_ago', 'MÊS_jan', 'MÊS_jun', 'MÊS_mar', 'MÊS_nov', 'MÊS_out', 'MÊS_set', 'ANO_2021', 'ANO_2022', 'ANO_2023', 'ANO_2024', 'ANO_2015', 'ANO_2016', 'ANO_2017', 'ANO_2020', 'CAMPUS_ASTORGA', 'CAMPUS_BARRACÃO', 'CAMPUS_CAMPO LARGO', 'CAMPUS_CASCAVEL', 'CAMPUS_CORONEL VIVIDA', 'CAMPUS_CURITIBA', 'CAMPUS_IVAIPORÃ', 'CAMPUS_JACAREZINHO', 'CAMPUS_JAGUARIAÍVA', 'CAMPUS_PARANAGUÁ', 'CAMPUS_QUEDAS DO IGUAÇU', 'CAMPUS_UMUARAMA', 'CAMPUS_UNIÃO DA VITÓRIA', 'CURSOS_TEC_INTEGRADO', 'CURSOS_TEC_SUBSEQUENTE', 'CURSOS_GRAD_MATUTINO', 'CURSOS_GRAD_VESPERTINO', 'CURSOS_GRAD_NOTURNO', 'CURSOS_POS', 'FÉRIAS', 'GREVE', 'ORDEM', 'LAG_01', 'LAG_03', 'LAG_06', 'LAG_07', 'LAG_08', 'LAG_09', 'LAG_11', 'LAG_12');0.5015
('TEMP_MÉD_MIN_MENS', 'TEMP_MÉD_MÉD_MENS', 'TEMP_MÉD_MAX_MENS', 'TEMP_MÉD_ACC_MENS', 'TEMP_MAX_MÉD_MENS', 'TEMP_MIN_MAX_MENS', 'TEMP_MAX_MIN_MENS', 'PRECIPITAÇÃO_MIN_MENS', 'TEMP_MAX_MAX_MENS', 'DIA_DA_SEMANA_dom', 'DIA_DA_SEMANA_qua', 'DIA_DA_SEMANA_qui', 'DIA_DA_SEMANA_sex', 'DIA_DA_SEMANA_ter', 'MÊS_ago', 'MÊS_dez', 'MÊS_fev', 'MÊS_jan', 'MÊS_jun', 'MÊS_mai', 'MÊS_nov', 'MÊS_out', 'ANO_2021', 'ANO_2024', 'ANO_2015', 'ANO_2016', 'ANO_2017', 'ANO_2018', 'ANO_2019', 'ANO_2020', 'CAMPUS_ASSIS CHATEAUBRIAND', 'CAMPUS_ASTORGA', 'CAMPUS_BARRACÃO', 'CAMPUS_CAMPO LARGO', 'CAMPUS_CAPANEMA', 'CAMPUS_CASCAVEL', 'CAMPUS_CORONEL VIVIDA', 'CAMPUS_FOZ DO IGUAÇU', 'CAMPUS_GOIOERÊ', 'CAMPUS_IRATI', 'CAMPUS_JACAREZINHO', 'CAMPUS_JAGUARIAÍVA', 'CAMPUS_PARANAVAÍ', 'CAMPUS_PINHAIS', 'CAMPUS_TELÊMACO BORBA', 'CAMPUS_UNIÃO DA VITÓRIA', 'CURSOS_GRAD_VESPERTINO', 'CURSOS_GRAD_NOTURNO', 'CURSOS_POS', 'FÉRIAS', 'FERIADO', 'COVID', 'GREVE', 'ORDEM', 'LAG_01', 'LAG_02', 'LAG_04', 'LAG_06', 'LAG_07', 'LAG_10', 'LAG_11', 'LAG_12');0.47311
('TEMP_MIN_MÉD_MENS', 'TEMP_MÉD_MÉD_MENS', 'TEMP_MÉD_MAX_MENS', 'TEMP_MÉD_ACC_MENS', 'TEMP_MAX_MÉD_MENS', 'TEMP_MIN_ACC_MENS', 'PRECIPITAÇÃO_MIN_MENS', 'TEMP_MAX_MAX_MENS', 'TEMP_MAX_ACC_MENS', 'PRECIPITAÇÃO_MAX_MENS', 'DIA_DA_SEMANA_qua', 'DIA_DA_SEMANA_sex', 'DIA_DA_SEMANA_sáb', 'DIA_DA_SEMANA_ter', 'MÊS_abr', 'MÊS_dez', 'MÊS_jan', 'MÊS_jul', 'MÊS_mar', 'MÊS_set', 'ANO_2021', 'ANO_2022', 'ANO_2023', 'ANO_2024', 'ANO_2015', 'ANO_2016', 'ANO_2017', 'ANO_2018', 'ANO_2019', 'CAMPUS_ASSIS CHATEAUBRIAND', 'CAMPUS_ASTORGA', 'CAMPUS_CURITIBA', 'CAMPUS_FOZ DO IGUAÇU', 'CAMPUS_IRATI', 'CAMPUS_JAGUARIAÍVA', 'CAMPUS_PALMAS', 'CAMPUS_PARANAVAÍ', 'CAMPUS_PINHAIS', 'CAMPUS_PITANGA', 'CAMPUS_UMUARAMA', 'CURSOS_TEC_CONCOMITANTE', 'CURSOS_TEC_INTEGRADO', 'CURSOS_GRAD_MATUTINO', 'CURSOS_GRAD_VESPERTINO', 'CURSOS_POS', 'FÉRIAS', 'COVID', 'GREVE', 'ORDEM', 'LAG_02', 'LAG_04', 'LAG_05', 'LAG_07', 'LAG_09', 'LAG_10', 'LAG_11');0.64883
('TEMP_MÉD_MÉD_MENS', 'TEMP_MÉD_ACC_MENS', 'TEMP_MAX_MÉD_MENS', 'PRECIPITAÇÃO_MÉD_MENS', 'TEMP_MAX_MIN_MENS', 'PRECIPITAÇÃO_MIN_MENS', 'TEMP_MAX_MAX_MENS', 'PRECIPITAÇÃO_MAX_MENS', 'PRECIPITAÇÃO_ACC_MENS', 'DIA_DA_SEMANA_dom', 'DIA_DA_SEMANA_qui', 'DIA_DA_SEMANA_seg', 'DIA_DA_SEMANA_sex', 'MÊS_abr', 'MÊS_ago', 'MÊS_dez', 'MÊS_jan', 'MÊS_jun', 'MÊS_mai', 'MÊS_mar', 'MÊS_out', 'MÊS_set', 'ANO_2021', 'ANO_2023', 'ANO_2015', 'ANO_2017', 'ANO_2018', 'ANO_2019', 'CAMPUS_ASSIS CHATEAUBRIAND', 'CAMPUS_CAPANEMA', 'CAMPUS_CASCAVEL', 'CAMPUS_CORONEL VIVIDA', 'CAMPUS_CURITIBA', 'CAMPUS_FOZ DO IGUAÇU', 'CAMPUS_GOIOERÊ', 'CAMPUS_JACAREZINHO', 'CAMPUS_LONDRINA - CENTRO', 'CAMPUS_PALMAS', 'CAMPUS_PARANAGUÁ', 'CAMPUS_PARANAVAÍ', 'CAMPUS_PINHAIS', 'CAMPUS_QUEDAS DO IGUAÇU', 'CAMPUS_TELÊMACO BORBA', 'CAMPUS_UMUARAMA', 'CAMPUS_UNIÃO DA VITÓRIA', 'CURSOS_TEC_INTEGRADO', 'CURSOS_GRAD_MATUTINO', 'CURSOS_GRAD_NOTURNO', 'FERIADO', 'COVID', 'GREVE', 'LAG_02', 'LAG_03', 'LAG_04', 'LAG_05', 'LAG_09', 'LAG_10', 'LAG_11', 'LAG_12');0.61136
('TEMP_MÉD_MIN_MENS', 'TEMP_MÉD_MAX_MENS', 'TEMP_MAX_MÉD_MENS', 'PRECIPITAÇÃO_MÉD_MENS', 'TEMP_MIN_MIN_MENS', 'PRECIPITAÇÃO_MIN_MENS', 'TEMP_MAX_MAX_MENS', 'TEMP_MAX_ACC_MENS', 'PRECIPITAÇÃO_ACC_MENS', 'DIA_DA_SEMANA_dom', 'DIA_DA_SEMANA_qui', 'DIA_DA_SEMANA_seg', 'DIA_DA_SEMANA_sex', 'DIA_DA_SEMANA_ter', 'MÊS_abr', 'MÊS_ago', 'MÊS_fev', 'MÊS_jan', 'MÊS_jun', 'MÊS_mai', 'MÊS_mar', 'MÊS_set', 'ANO_2022', 'ANO_2023', 'ANO_2016', 'ANO_2017', 'ANO_2018', 'ANO_2019', 'CAMPUS_ASSIS CHATEAUBRIAND', 'CAMPUS_ASTORGA', 'CAMPUS_BARRACÃO', 'CAMPUS_CAMPO LARGO', 'CAMPUS_CASCAVEL', 'CAMPUS_CORONEL VIVIDA', 'CAMPUS_JAGUARIAÍVA', 'CAMPUS_LONDRINA - CENTRO', 'CAMPUS_PITANGA', 'CAMPUS_QUEDAS DO IGUAÇU', 'CAMPUS_UMUARAMA', 'CAMPUS_UNIÃO DA VITÓRIA', 'CURSOS_TEC_SUBSEQUENTE', 'CURSOS_GRAD_MATUTINO', 'CURSOS_GRAD_NOTURNO', 'FERIADO', 'GREVE', 'LAG_01', 'LAG_02', 'LAG_03', 'LAG_05', 'LAG_06', 'LAG_07', 'LAG_08', 'LAG_09', 'LAG_12');0.46225
('TEMP_MIN_MÉD_MENS', 'TEMP_MÉD_MIN_MENS', 'TEMP_MÉD_MÉD_MENS', 'TEMP_MÉD_ACC_MENS', 'TEMP_MAX_MÉD_MENS', 'TEMP_MIN_MIN_MENS', 'TEMP_MIN_MAX_MENS', 'TEMP_MIN_ACC_MENS', 'TEMP_MAX_MIN_MENS', 'TEMP_MAX_MAX_MENS', 'TEMP_MAX_ACC_MENS', 'PRECIPITAÇÃO_ACC_MENS', 'DIA_DA_SEMANA_qui', 'DIA_DA_SEMANA_sáb', 'DIA_DA_SEMANA_ter', 'MÊS_abr', 'MÊS_ago', 'MÊS_fev', 'MÊS_jun', 'MÊS_mai', 'MÊS_nov', 'MÊS_out', 'ANO_2022', 'ANO_2023', 'ANO_2024', 'ANO_2017', 'ANO_2018', 'ANO_2020', 'CAMPUS_ASTORGA', 'CAMPUS_CAMPO LARGO', 'CAMPUS_CAPANEMA', 'CAMPUS_GOIOERÊ', 'CAMPUS_JACAREZINHO', 'CAMPUS_JAGUARIAÍVA', 'CAMPUS_LONDRINA - CENTRO', 'CAMPUS_PALMAS', 'CAMPUS_PARANAVAÍ', 'CAMPUS_PITANGA', 'CAMPUS_TELÊMACO BORBA', 'CURSOS_TEC_CONCOMITANTE', 'CURSOS_TEC_INTEGRADO', 'CURSOS_TEC_SUBSEQUENTE', 'CURSOS_GRAD_MATUTINO', 'CURSOS_GRAD_VESPERTINO', 'CURSOS_GRAD_NOTURNO', 'CURSOS_POS', 'FÉRIAS', 'FERIADO', 'GREVE', 'LAG_02', 'LAG_03', 'LAG_04', 'LAG_06', 'LAG_08', 'LAG_09', 'LAG_10', 'LAG_12');0.65661
('TEMP_MIN_MÉD_MENS', 'TEMP_MÉD_MÉD_MENS', 'TEMP_MÉD_MAX_MENS', 'TEMP_MÉD_ACC_MENS', 'TEMP_MAX_MÉD_MENS', 'TEMP_MIN_ACC_MENS', 'PRECIPITAÇÃO_ACC_MENS', 'DIA_DA_SEMANA_dom', 'DIA_DA_SEMANA_qua', 'DIA_DA_SEMANA_qui', 'DIA_DA_SEMANA_seg', 'DIA_DA_SEMANA_sex', 'DIA_DA_SEMANA_sáb', 'MÊS_abr', 'MÊS_fev', 'MÊS_nov', 'MÊS_out', 'ANO_2021', 'ANO_2015', 'ANO_2016', 'ANO_2017', 'ANO_2019', 'CAMPUS_BARRACÃO', 'CAMPUS_CAMPO LARGO', 'CAMPUS_CAPANEMA', 'CAMPUS_CASCAVEL', 'CAMPUS_CORONEL VIVIDA', 'CAMPUS_JACAREZINHO', 'CAMPUS_JAGUARIAÍVA', 'CAMPUS_LONDRINA - CENTRO', 'CAMPUS_PALMAS', 'CAMPUS_PINHAIS', 'CAMPUS_PITANGA', 'CAMPUS_QUEDAS DO IGUAÇU', 'CAMPUS_TELÊMACO BORBA', 'CAMPUS_UMUARAMA', 'CURSOS_TEC_SUBSEQUENTE', 'CURSOS_GRAD_MATUTINO', 'CURSOS_POS', 'FÉRIAS', 'FERIADO', 'COVID', 'ORDEM', 'LAG_01', 'LAG_03', 'LAG_04', 'LAG_05', 'LAG_06', 'LAG_08', 'LAG_11', 'LAG_12');0.49136
('TEMP_MÉD_MÉD_MENS', 'TEMP_MAX_MÉD_MENS', 'PRECIPITAÇÃO_MÉD_MENS', 'TEMP_MIN_MIN_MENS', 'TEMP_MIN_MAX_MENS', 'TEMP_MAX_MIN_MENS', 'PRECIPITAÇÃO_MIN_MENS', 'TEMP_MAX_MAX_MENS', 'TEMP_MAX_ACC_MENS', 'PRECIPITAÇÃO_MAX_MENS', 'PRECIPITAÇÃO_ACC_MENS', 'DIA_DA_SEMANA_qua', 'DIA_DA_SEMANA_qui', 'DIA_DA_SEMANA_seg', 'MÊS_abr', 'MÊS_ago', 'MÊS_fev', 'MÊS_jan', 'MÊS_mai', 'MÊS_mar', 'MÊS_nov', 'MÊS_out', 'MÊS_set', 'ANO_2021', 'ANO_2022', 'ANO_2023', 'ANO_2015', 'ANO_2016', 'ANO_2018', 'ANO_2019', 'ANO_2020', 'CAMPUS_ASSIS CHATEAUBRIAND', 'CAMPUS_ASTORGA', 'CAMPUS_CAPANEMA', 'CAMPUS_CASCAVEL', 'CAMPUS_CORONEL VIVIDA', 'CAMPUS_FOZ DO IGUAÇU', 'CAMPUS_GOIOERÊ', 'CAMPUS_IRATI', 'CAMPUS_IVAIPORÃ', 'CAMPUS_JACAREZINHO', 'CAMPUS_LONDRINA - CENTRO', 'CAMPUS_PALMAS', 'CAMPUS_PINHAIS', 'CAMPUS_UMUARAMA', 'CAMPUS_UNIÃO DA VITÓRIA', 'CURSOS_TEC_CONCOMITANTE', 'CURSOS_TEC_SUBSEQUENTE', 'CURSOS_GRAD_MATUTINO', 'CURSOS_GRAD_VESPERTINO', 'CURSOS_GRAD_NOTURNO', 'FÉRIAS', 'COVID', 'GREVE', 'ORDEM', 'LAG_02', 'LAG_03', 'LAG_05', 'LAG_09', 'LAG_10');0.65169
('TEMP_MIN_MÉD_MENS', 'TEMP_MÉD_MIN_MENS', 'TEMP_MÉD_MÉD_MENS', 'TEMP_MÉD_MAX_MENS', 'PRECIPITAÇÃO_MIN_MENS', 'PRECIPITAÇÃO_MAX_MENS', 'DIA_DA_SEMANA_qua', 'DIA_DA_SEMANA_ter', 'MÊS_ago', 'MÊS_dez', 'MÊS_jan', 'MÊS_jul', 'MÊS_mai', 'MÊS_mar', 'ANO_2022', 'ANO_2023', 'ANO_2015', 'ANO_2016', 'ANO_2020', 'CAMPUS_ASSIS CHATEAUBRIAND', 'CAMPUS_ASTORGA', 'CAMPUS_BARRACÃO', 'CAMPUS_CAPANEMA', 'CAMPUS_CASCAVEL', 'CAMPUS_CORONEL VIVIDA', 'CAMPUS_CURITIBA', 'CAMPUS_IRATI', 'CAMPUS_IVAIPORÃ', 'CAMPUS_JACAREZINHO', 'CAMPUS_LONDRINA - CENTRO', 'CAMPUS_PALMAS', 'CAMPUS_QUEDAS DO IGUAÇU', 'CAMPUS_TELÊMACO BORBA', 'CAMPUS_UMUARAMA', 'CURSOS_TEC_INTEGRADO', 'CURSOS_GRAD_MATUTINO', 'CURSOS_GRAD_VESPERTINO', 'CURSOS_POS', 'FÉRIAS', 'COVID', 'LAG_02', 'LAG_03', 'LAG_04', 'LAG_06', 'LAG_07', 'LAG_08', 'LAG_10', 'LAG_11', 'LAG_12');0.6134
('TEMP_MIN_MÉD_MENS', 'TEMP_MÉD_MÉD_MENS', 'TEMP_MIN_MIN_MENS', 'TEMP_MAX_MIN_MENS', 'TEMP_MAX_ACC_MENS', 'PRECIPITAÇÃO_MAX_MENS', 'DIA_DA_SEMANA_dom', 'DIA_DA_SEMANA_sex', 'MÊS_abr', 'MÊS_ago', 'MÊS_fev', 'MÊS_jan', 'MÊS_jul', 'MÊS_mai', 'MÊS_mar', 'ANO_2021', 'ANO_2022', 'ANO_2023', 'ANO_2015', 'ANO_2018', 'ANO_2020', 'CAMPUS_ASSIS CHATEAUBRIAND', 'CAMPUS_ASTORGA', 'CAMPUS_CAMPO LARGO', 'CAMPUS_CAPANEMA', 'CAMPUS_CASCAVEL', 'CAMPUS_CURITIBA', 'CAMPUS_IVAIPORÃ', 'CAMPUS_JACAREZINHO', 'CAMPUS_LONDRINA - CENTRO', 'CAMPUS_PALMAS', 'CAMPUS_PARANAGUÁ', 'CAMPUS_PARANAVAÍ', 'CAMPUS_PITANGA', 'CAMPUS_UNIÃO DA VITÓRIA', 'CURSOS_TEC_CONCOMITANTE', 'CURSOS_TEC_INTEGRADO', 'CURSOS_TEC_SUBSEQUENTE', 'CURSOS_GRAD_MATUTINO', 'CURSOS_GRAD_VESPERTINO', 'CURSOS_POS', 'FÉRIAS', 'FERIADO', 'GREVE', 'LAG_01', 'LAG_08', 'LAG_10', 'LAG_12');0.45896
('TEMP_MÉD_MÉD_MENS', 'TEMP_MIN_MIN_MENS', 'TEMP_MIN_MAX_MENS', 'TEMP_MIN_ACC_MENS', 'TEMP_MAX_MIN_MENS', 'TEMP_MAX_MAX_MENS', 'TEMP_MAX_ACC_MENS', 'PRECIPITAÇÃO_ACC_MENS', 'DIA_DA_SEMANA_qua', 'DIA_DA_SEMANA_sex', 'DIA_DA_SEMANA_sáb', 'DIA_DA_SEMANA_ter', 'MÊS_abr', 'MÊS_fev', 'MÊS_jan', 'MÊS_jul', 'MÊS_jun', 'MÊS_out', 'MÊS_set', 'ANO_2023', 'ANO_2016', 'ANO_2017', 'ANO_2020', 'CAMPUS_ASSIS CHATEAUBRIAND', 'CAMPUS_BARRACÃO', 'CAMPUS_CAMPO LARGO', 'CAMPUS_CASCAVEL', 'CAMPUS_CORONEL VIVIDA', 'CAMPUS_CURITIBA', 'CAMPUS_GOIOERÊ', 'CAMPUS_IRATI', 'CAMPUS_JACAREZINHO', 'CAMPUS_JAGUARIAÍVA', 'CAMPUS_LONDRINA - CENTRO', 'CAMPUS_PALMAS', 'CAMPUS_PARANAVAÍ', 'CAMPUS_QUEDAS DO IGUAÇU', 'CAMPUS_TELÊMACO BORBA', 'CAMPUS_UNIÃO DA VITÓRIA', 'CURSOS_TEC_SUBSEQUENTE', 'CURSOS_GRAD_MATUTINO', 'CURSOS_GRAD_VESPERTINO', 'CURSOS_GRAD_NOTURNO', 'CURSOS_POS', 'FÉRIAS', 'FERIADO', 'GREVE', 'LAG_01', 'LAG_02', 'LAG_04', 'LAG_07', 'LAG_10', 'LAG_11');0.52216
('TEMP_MÉD_MÉD_MENS', 'TEMP_MÉD_MAX_MENS', 'TEMP_MÉD_ACC_MENS', 'PRECIPITAÇÃO_MÉD_MENS', 'TEMP_MIN_MIN_MENS', 'TEMP_MIN_ACC_MENS', 'TEMP_MAX_MIN_MENS', 'PRECIPITAÇÃO_MIN_MENS', 'PRECIPITAÇÃO_ACC_MENS', 'DIA_DA_SEMANA_qua', 'DIA_DA_SEMANA_qui', 'DIA_DA_SEMANA_sáb', 'MÊS_abr', 'MÊS_dez', 'MÊS_jan', 'MÊS_jul', 'MÊS_jun', 'MÊS_mai', 'MÊS_nov', 'MÊS_out', 'MÊS_set', 'ANO_2021', 'ANO_2022', 'ANO_2024', 'ANO_2015', 'ANO_2016', 'ANO_2019', 'CAMPUS_ASSIS CHATEAUBRIAND', 'CAMPUS_ASTORGA', 'CAMPUS_BARRACÃO', 'CAMPUS_CAMPO LARGO', 'CAMPUS_CAPANEMA', 'CAMPUS_CASCAVEL', 'CAMPUS_FOZ DO IGUAÇU', 'CAMPUS_IVAIPORÃ', 'CAMPUS_JAGUARIAÍVA', 'CAMPUS_LONDRINA - CENTRO', 'CAMPUS_PALMAS', 'CAMPUS_PITANGA', 'CAMPUS_QUEDAS DO IGUAÇU', 'CAMPUS_UMUARAMA', 'CAMPUS_UNIÃO DA VITÓRIA', 'CURSOS_TEC_INTEGRADO', 'CURSOS_GRAD_MATUTINO', 'CURSOS_GRAD_VESPERTINO', 'CURSOS_GRAD_NOTURNO', 'CURSOS_POS', 'FÉRIAS', 'FERIADO', 'COVID', 'LAG_01', 'LAG_02', 'LAG_03', 'LAG_06', 'LAG_07', 'LAG_10', 'LAG_11', 'LAG_12');0.49612
('TEMP_MÉD_MIN_MENS', 'TEMP_MÉD_MAX_MENS', 'TEMP_MÉD_ACC_MENS', 'TEMP_MIN_MIN_MENS', 'TEMP_MIN_ACC_MENS', 'DIA_DA_SEMANA_qua', 'DIA_DA_SEMANA_seg', 'DIA_DA_SEMANA_ter', 'MÊS_abr', 'MÊS_fev', 'MÊS_jul', 'MÊS_jun', 'MÊS_mai', 'MÊS_nov', 'MÊS_set', 'ANO_2021', 'ANO_2022', 'ANO_2023', 'ANO_2024', 'ANO_2015', 'ANO_2016', 'ANO_2018', 'ANO_2020', 'CAMPUS_ASSIS CHATEAUBRIAND', 'CAMPUS_BARRACÃO', 'CAMPUS_CORONEL VIVIDA', 'CAMPUS_IRATI', 'CAMPUS_IVAIPORÃ', 'CAMPUS_JAGUARIAÍVA', 'CAMPUS_LONDRINA - CENTRO', 'CAMPUS_PARANAGUÁ', 'CAMPUS_PARANAVAÍ', 'CAMPUS_QUEDAS DO IGUAÇU', 'CAMPUS_UMUARAMA', 'CURSOS_TEC_CONCOMITANTE', 'CURSOS_TEC_INTEGRADO', 'CURSOS_TEC_SUBSEQUENTE', 'CURSOS_GRAD_NOTURNO', 'CURSOS_POS', 'FERIADO', 'COVID', 'GREVE', 'LAG_01', 'LAG_03', 'LAG_04', 'LAG_05', 'LAG_06', 'LAG_08', 'LAG_09', 'LAG_10', 'LAG_11', 'LAG_12');0.49125
('TEMP_MÉD_MÉD_MENS', 'TEMP_MAX_MÉD_MENS', 'PRECIPITAÇÃO_MÉD_MENS', 'TEMP_MAX_ACC_MENS', 'PRECIPITAÇÃO_MAX_MENS', 'PRECIPITAÇÃO_ACC_MENS', 'DIA_DA_SEMANA_dom', 'DIA_DA_SEMANA_seg', 'DIA_DA_SEMANA_sex', 'DIA_DA_SEMANA_ter', 'MÊS_abr', 'MÊS_ago', 'MÊS_fev', 'MÊS_jul', 'MÊS_jun', 'MÊS_mar', 'MÊS_out', 'MÊS_set', 'ANO_2022', 'ANO_2023', 'ANO_2024', 'ANO_2018', 'ANO_2019', 'CAMPUS_ASSIS CHATEAUBRIAND', 'CAMPUS_BARRACÃO', 'CAMPUS_CAMPO LARGO', 'CAMPUS_CASCAVEL', 'CAMPUS_CORONEL VIVIDA', 'CAMPUS_CURITIBA', 'CAMPUS_FOZ DO IGUAÇU', 'CAMPUS_IRATI', 'CAMPUS_IVAIPORÃ', 'CAMPUS_JAGUARIAÍVA', 'CAMPUS_PARANAVAÍ', 'CAMPUS_PINHAIS', 'CAMPUS_PITANGA', 'CAMPUS_QUEDAS DO IGUAÇU', 'CAMPUS_TELÊMACO BORBA', 'CAMPUS_UNIÃO DA VITÓRIA', 'CURSOS_TEC_INTEGRADO', 'CURSOS_GRAD_MATUTINO', 'CURSOS_GRAD_VESPERTINO', 'CURSOS_GRAD_NOTURNO', 'LAG_01', 'LAG_02', 'LAG_04', 'LAG_07', 'LAG_12');0.48619
('TEMP_MIN_MÉD_MENS', 'TEMP_MÉD_MÉD_MENS', 'TEMP_MÉD_MAX_MENS', 'TEMP_MAX_MÉD_MENS', 'PRECIPITAÇÃO_MÉD_MENS', 'TEMP_MIN_MIN_MENS', 'TEMP_MIN_MAX_MENS', 'TEMP_MAX_MIN_MENS', 'TEMP_MAX_MAX_MENS', 'PRECIPITAÇÃO_ACC_MENS', 'DIA_DA_SEMANA_qua', 'DIA_DA_SEMANA_qui', 'DIA_DA_SEMANA_sáb', 'DIA_DA_SEMANA_ter', 'MÊS_abr', 'MÊS_ago', 'MÊS_dez', 'MÊS_jul', 'MÊS_jun', 'MÊS_mai', 'MÊS_mar', 'MÊS_nov', 'MÊS_out', 'MÊS_set', 'ANO_2021', 'ANO_2015', 'ANO_2016', 'ANO_2019', 'ANO_2020', 'CAMPUS_ASSIS CHATEAUBRIAND', 'CAMPUS_ASTORGA', 'CAMPUS_BARRACÃO', 'CAMPUS_CORONEL VIVIDA', 'CAMPUS_CURITIBA', 'CAMPUS_GOIOERÊ', 'CAMPUS_IRATI', 'CAMPUS_JACAREZINHO', 'CAMPUS_JAGUARIAÍVA', 'CAMPUS_LONDRINA - CENTRO', 'CAMPUS_PITANGA', 'CAMPUS_TELÊMACO BORBA', 'CAMPUS_UNIÃO DA VITÓRIA', 'CURSOS_TEC_CONCOMITANTE', 'CURSOS_TEC_SUBSEQUENTE', 'CURSOS_GRAD_MATUTINO', 'CURSOS_GRAD_NOTURNO', 'CURSOS_POS', 'FÉRIAS', 'COVID', 'GREVE', 'LAG_01', 'LAG_04', 'LAG_05', 'LAG_08', 'LAG_11');0.49376
('TEMP_MIN_MÉD_MENS', 'TEMP_MÉD_MIN_MENS', 'TEMP_MÉD_MAX_MENS', 'TEMP_MIN_MAX_MENS', 'TEMP_MAX_MIN_MENS', 'PRECIPITAÇÃO_MIN_MENS', 'TEMP_MAX_MAX_MENS', 'PRECIPITAÇÃO_MAX_MENS', 'PRECIPITAÇÃO_ACC_MENS', 'DIA_DA_SEMANA_dom', 'DIA_DA_SEMANA_qui', 'DIA_DA_SEMANA_seg', 'DIA_DA_SEMANA_sex', 'DIA_DA_SEMANA_sáb', 'DIA_DA_SEMANA_ter', 'MÊS_abr', 'MÊS_ago', 'MÊS_dez', 'MÊS_jan', 'MÊS_jun', 'MÊS_mai', 'MÊS_mar', 'MÊS_out', 'ANO_2021', 'ANO_2022', 'ANO_2024', 'ANO_2018', 'ANO_2019', 'CAMPUS_ASSIS CHATEAUBRIAND', 'CAMPUS_BARRACÃO', 'CAMPUS_CAMPO LARGO', 'CAMPUS_CAPANEMA', 'CAMPUS_CASCAVEL', 'CAMPUS_CORONEL VIVIDA', 'CAMPUS_FOZ DO IGUAÇU', 'CAMPUS_GOIOERÊ', 'CAMPUS_JAGUARIAÍVA', 'CAMPUS_PALMAS', 'CURSOS_TEC_SUBSEQUENTE', 'CURSOS_GRAD_MATUTINO', 'CURSOS_GRAD_VESPERTINO', 'CURSOS_POS', 'FÉRIAS', 'FERIADO', 'COVID', 'GREVE', 'LAG_03', 'LAG_04', 'LAG_06', 'LAG_07', 'LAG_08', 'LAG_10', 'LAG_12');0.60454
('TEMP_MÉD_MÉD_MENS', 'TEMP_MÉD_MAX_MENS', 'TEMP_MIN_MIN_MENS', 'TEMP_MAX_MIN_MENS', 'PRECIPITAÇÃO_MIN_MENS', 'PRECIPITAÇÃO_ACC_MENS', 'DIA_DA_SEMANA_dom', 'DIA_DA_SEMANA_qui', 'DIA_DA_SEMANA_seg', 'DIA_DA_SEMANA_sex', 'DIA_DA_SEMANA_sáb', 'DIA_DA_SEMANA_ter', 'MÊS_abr', 'MÊS_ago', 'MÊS_dez', 'MÊS_fev', 'MÊS_jan', 'MÊS_jul', 'MÊS_jun', 'MÊS_mar', 'MÊS_nov', 'ANO_2024', 'ANO_2015', 'ANO_2016', 'ANO_2017', 'CAMPUS_ASTORGA', 'CAMPUS_CAMPO LARGO', 'CAMPUS_CURITIBA', 'CAMPUS_LONDRINA - CENTRO', 'CAMPUS_PALMAS', 'CAMPUS_PARANAGUÁ', 'CAMPUS_PITANGA', 'CAMPUS_QUEDAS DO IGUAÇU', 'CAMPUS_TELÊMACO BORBA', 'CAMPUS_UNIÃO DA VITÓRIA', 'CURSOS_TEC_INTEGRADO', 'CURSOS_GRAD_MATUTINO', 'CURSOS_GRAD_VESPERTINO', 'CURSOS_GRAD_NOTURNO', 'CURSOS_POS', 'FÉRIAS', 'FERIADO', 'COVID', 'GREVE', 'ORDEM', 'LAG_05', 'LAG_08', 'LAG_12');0.59602
('TEMP_MIN_MÉD_MENS', 'TEMP_MÉD_MÉD_MENS', 'TEMP_MÉD_MAX_MENS', 'TEMP_MAX_MÉD_MENS', 'PRECIPITAÇÃO_MÉD_MENS', 'TEMP_MIN_ACC_MENS', 'TEMP_MAX_MIN_MENS', 'TEMP_MAX_MAX_MENS', 'TEMP_MAX_ACC_MENS', 'PRECIPITAÇÃO_MAX_MENS', 'DIA_DA_SEMANA_qua', 'DIA_DA_SEMANA_qui', 'DIA_DA_SEMANA_sáb', 'DIA_DA_SEMANA_ter', 'MÊS_ago', 'MÊS_fev', 'MÊS_jan', 'MÊS_jun', 'MÊS_mai', 'MÊS_mar', 'MÊS_nov', 'MÊS_out', 'ANO_2021', 'ANO_2022', 'ANO_2023', 'ANO_2016', 'ANO_2017', 'ANO_2020', 'CAMPUS_BARRACÃO', 'CAMPUS_CAMPO LARGO', 'CAMPUS_CURITIBA', 'CAMPUS_FOZ DO IGUAÇU', 'CAMPUS_IRATI', 'CAMPUS_IVAIPORÃ', 'CAMPUS_JACAREZINHO', 'CAMPUS_JAGUARIAÍVA', 'CAMPUS_LONDRINA - CENTRO', 'CAMPUS_PALMAS', 'CAMPUS_PINHAIS', 'CAMPUS_PITANGA', 'CAMPUS_QUEDAS DO IGUAÇU', 'CAMPUS_TELÊMACO BORBA', 'CURSOS_TEC_INTEGRADO', 'CURSOS_TEC_SUBSEQUENTE', 'CURSOS_GRAD_MATUTINO', 'CURSOS_GRAD_VESPERTINO', 'CURSOS_GRAD_NOTURNO', 'CURSOS_POS', 'LAG_01', 'LAG_02', 'LAG_04', 'LAG_05', 'LAG_06', 'LAG_07', 'LAG_08', 'LAG_09', 'LAG_10', 'LAG_11', 'LAG_12');0.49689
('TEMP_MIN_MÉD_MENS', 'TEMP_MÉD_MIN_MENS', 'PRECIPITAÇÃO_MÉD_MENS', 'TEMP_MIN_MAX_MENS', 'TEMP_MIN_ACC_MENS', 'TEMP_MAX_MAX_MENS', 'DIA_DA_SEMANA_qui', 'DIA_DA_SEMANA_sáb', 'MÊS_abr', 'MÊS_ago', 'MÊS_fev', 'MÊS_jan', 'MÊS_jul', 'MÊS_mai', 'MÊS_mar', 'MÊS_nov', 'ANO_2021', 'ANO_2023', 'ANO_2024', 'ANO_2015', 'ANO_2017', 'CAMPUS_CAMPO LARGO', 'CAMPUS_CAPANEMA', 'CAMPUS_CORONEL VIVIDA', 'CAMPUS_CURITIBA', 'CAMPUS_GOIOERÊ', 'CAMPUS_IRATI', 'CAMPUS_IVAIPORÃ', 'CAMPUS_PALMAS', 'CAMPUS_PARANAGUÁ', 'CAMPUS_PARANAVAÍ', 'CAMPUS_PINHAIS', 'CAMPUS_QUEDAS DO IGUAÇU', 'CAMPUS_TELÊMACO BORBA', 'CAMPUS_UMUARAMA', 'CURSOS_TEC_CONCOMITANTE', 'CURSOS_TEC_INTEGRADO', 'CURSOS_GRAD_MATUTINO', 'CURSOS_GRAD_VESPERTINO', 'CURSOS_GRAD_NOTURNO', 'CURSOS_POS', 'FERIADO', 'GREVE', 'ORDEM', 'LAG_04', 'LAG_05', 'LAG_07', 'LAG_11', 'LAG_12');0.72532
('TEMP_MIN_MÉD_MENS', 'TEMP_MÉD_MIN_MENS', 'TEMP_MÉD_MÉD_MENS', 'TEMP_MÉD_MAX_MENS', 'PRECIPITAÇÃO_MÉD_MENS', 'TEMP_MIN_MAX_MENS', 'TEMP_MIN_ACC_MENS', 'PRECIPITAÇÃO_MIN_MENS', 'TEMP_MAX_MAX_MENS', 'TEMP_MAX_ACC_MENS', 'PRECIPITAÇÃO_ACC_MENS', 'DIA_DA_SEMANA_dom', 'DIA_DA_SEMANA_sáb', 'MÊS_dez', 'MÊS_mai', 'MÊS_mar', 'MÊS_nov', 'MÊS_out', 'MÊS_set', 'ANO_2021', 'ANO_2023', 'ANO_2024', 'ANO_2015', 'ANO_2018', 'ANO_2020', 'CAMPUS_ASSIS CHATEAUBRIAND', 'CAMPUS_ASTORGA', 'CAMPUS_CAPANEMA', 'CAMPUS_CORONEL VIVIDA', 'CAMPUS_CURITIBA', 'CAMPUS_GOIOERÊ', 'CAMPUS_IRATI', 'CAMPUS_JAGUARIAÍVA', 'CAMPUS_PARANAVAÍ', 'CAMPUS_PITANGA', 'CAMPUS_QUEDAS DO IGUAÇU', 'CAMPUS_UMUARAMA', 'CAMPUS_UNIÃO DA VITÓRIA', 'CURSOS_TEC_CONCOMITANTE', 'CURSOS_GRAD_NOTURNO', 'FÉRIAS', 'FERIADO', 'COVID', 'GREVE', 'LAG_01', 'LAG_03', 'LAG_04', 'LAG_06', 'LAG_08', 'LAG_09', 'LAG_10', 'LAG_12');0.48861
('TEMP_MIN_MÉD_MENS', 'TEMP_MÉD_MIN_MENS', 'TEMP_MAX_MÉD_MENS', 'PRECIPITAÇÃO_MÉD_MENS', 'TEMP_MIN_MIN_MENS', 'TEMP_MIN_MAX_MENS', 'TEMP_MIN_ACC_MENS', 'PRECIPITAÇÃO_MIN_MENS', 'TEMP_MAX_MAX_MENS', 'TEMP_MAX_ACC_MENS', 'PRECIPITAÇÃO_MAX_MENS', 'PRECIPITAÇÃO_ACC_MENS', 'DIA_DA_SEMANA_qua', 'DIA_DA_SEMANA_seg', 'DIA_DA_SEMANA_ter', 'MÊS_abr', 'MÊS_dez', 'MÊS_fev', 'MÊS_jan', 'MÊS_jun', 'MÊS_mar', 'MÊS_nov', 'MÊS_out', 'ANO_2021', 'ANO_2023', 'ANO_2024', 'ANO_2016', 'ANO_2017', 'ANO_2018', 'ANO_2019', 'ANO_2020', 'CAMPUS_ASSIS CHATEAUBRIAND', 'CAMPUS_BARRACÃO', 'CAMPUS_CAPANEMA', 'CAMPUS_CURITIBA', 'CAMPUS_GOIOERÊ', 'CAMPUS_IRATI', 'CAMPUS_JACAREZINHO', 'CAMPUS_JAGUARIAÍVA', 'CAMPUS_PARANAGUÁ', 'CAMPUS_PARANAVAÍ', 'CAMPUS_TELÊMACO BORBA', 'CAMPUS_UNIÃO DA VITÓRIA', 'CURSOS_TEC_CONCOMITANTE', 'CURSOS_GRAD_MATUTINO', 'CURSOS_GRAD_VESPERTINO', 'CURSOS_GRAD_NOTURNO', 'CURSOS_POS', 'COVID', 'GREVE', 'ORDEM', 'LAG_02', 'LAG_03', 'LAG_04', 'LAG_08', 'LAG_10', 'LAG_11', 'LAG_12');0.61839
('TEMP_MÉD_MAX_MENS', 'TEMP_MAX_MÉD_MENS', 'PRECIPITAÇÃO_MÉD_MENS', 'TEMP_MIN_MAX_MENS', 'TEMP_MIN_ACC_MENS', 'TEMP_MAX_MIN_MENS', 'PRECIPITAÇÃO_MIN_MENS', 'TEMP_MAX_ACC_MENS', 'DIA_DA_SEMANA_dom', 'DIA_DA_SEMANA_seg', 'DIA_DA_SEMANA_sex', 'MÊS_ago', 'MÊS_jan', 'MÊS_jun', 'MÊS_out', 'MÊS_set', 'ANO_2015', 'ANO_2016', 'ANO_2020', 'CAMPUS_ASSIS CHATEAUBRIAND', 'CAMPUS_ASTORGA', 'CAMPUS_BARRACÃO', 'CAMPUS_CAMPO LARGO', 'CAMPUS_CAPANEMA', 'CAMPUS_CORONEL VIVIDA', 'CAMPUS_CURITIBA', 'CAMPUS_JACAREZINHO', 'CAMPUS_JAGUARIAÍVA', 'CAMPUS_LONDRINA - CENTRO', 'CAMPUS_PALMAS', 'CAMPUS_PARANAGUÁ', 'CAMPUS_PARANAVAÍ', 'CAMPUS_PINHAIS', 'CAMPUS_QUEDAS DO IGUAÇU', 'CAMPUS_TELÊMACO BORBA', 'CAMPUS_UNIÃO DA VITÓRIA', 'CURSOS_TEC_INTEGRADO', 'CURSOS_TEC_SUBSEQUENTE', 'CURSOS_GRAD_VESPERTINO', 'FÉRIAS', 'GREVE', 'LAG_01', 'LAG_03', 'LAG_04', 'LAG_05', 'LAG_08', 'LAG_09', 'LAG_10', 'LAG_11');0.50937
('TEMP_MIN_MÉD_MENS', 'TEMP_MÉD_MIN_MENS', 'TEMP_MÉD_MÉD_MENS', 'TEMP_MÉD_ACC_MENS', 'TEMP_MAX_MÉD_MENS', 'TEMP_MIN_MIN_MENS', 'TEMP_MIN_MAX_MENS', 'TEMP_MIN_ACC_MENS', 'TEMP_MAX_MIN_MENS', 'TEMP_MAX_MAX_MENS', 'TEMP_MAX_ACC_MENS', 'DIA_DA_SEMANA_dom', 'DIA_DA_SEMANA_qua', 'DIA_DA_SEMANA_qui', 'DIA_DA_SEMANA_seg', 'DIA_DA_SEMANA_sex', 'DIA_DA_SEMANA_sáb', 'DIA_DA_SEMANA_ter', 'MÊS_ago', 'MÊS_fev', 'MÊS_jan', 'MÊS_mar', 'MÊS_nov', 'ANO_2021', 'ANO_2022', 'ANO_2023', 'ANO_2024', 'ANO_2015', 'ANO_2016', 'ANO_2018', 'ANO_2020', 'CAMPUS_ASTORGA', 'CAMPUS_BARRACÃO', 'CAMPUS_CAMPO LARGO', 'CAMPUS_CORONEL VIVIDA', 'CAMPUS_FOZ DO IGUAÇU', 'CAMPUS_GOIOERÊ', 'CAMPUS_IRATI', 'CAMPUS_IVAIPORÃ', 'CAMPUS_JAGUARIAÍVA', 'CAMPUS_TELÊMACO BORBA', 'CAMPUS_UNIÃO DA VITÓRIA', 'CURSOS_TEC_CONCOMITANTE', 'CURSOS_TEC_INTEGRADO', 'CURSOS_GRAD_MATUTINO', 'CURSOS_POS', 'FERIADO', 'COVID', 'GREVE', 'ORDEM', 'LAG_01', 'LAG_02', 'LAG_03', 'LAG_05', 'LAG_06', 'LAG_07', 'LAG_10', 'LAG_12');0.48822
('TEMP_MÉD_MIN_MENS', 'TEMP_MÉD_MAX_MENS', 'TEMP_MAX_MÉD_MENS', 'PRECIPITAÇÃO_MÉD_MENS', 'TEMP_MIN_MIN_MENS', 'TEMP_MIN_ACC_MENS', 'TEMP_MAX_MIN_MENS', 'PRECIPITAÇÃO_MIN_MENS', 'TEMP_MAX_MAX_MENS', 'PRECIPITAÇÃO_ACC_MENS', 'DIA_DA_SEMANA_dom', 'DIA_DA_SEMANA_qua', 'DIA_DA_SEMANA_qui', 'DIA_DA_SEMANA_seg', 'DIA_DA_SEMANA_sex', 'DIA_DA_SEMANA_sáb', 'DIA_DA_SEMANA_ter', 'MÊS_abr', 'MÊS_ago', 'MÊS_dez', 'MÊS_fev', 'MÊS_mar', 'MÊS_out', 'MÊS_set', 'ANO_2021', 'ANO_2022', 'ANO_2023', 'ANO_2017', 'ANO_2018', 'ANO_2019', 'ANO_2020', 'CAMPUS_ASSIS CHATEAUBRIAND', 'CAMPUS_CAMPO LARGO', 'CAMPUS_CORONEL VIVIDA', 'CAMPUS_CURITIBA', 'CAMPUS_FOZ DO IGUAÇU', 'CAMPUS_IRATI', 'CAMPUS_JAGUARIAÍVA', 'CAMPUS_LONDRINA - CENTRO', 'CAMPUS_PALMAS', 'CAMPUS_PARANAGUÁ', 'CAMPUS_QUEDAS DO IGUAÇU', 'CAMPUS_UNIÃO DA VITÓRIA', 'CURSOS_TEC_CONCOMITANTE', 'CURSOS_GRAD_VESPERTINO', 'CURSOS_GRAD_NOTURNO', 'CURSOS_POS', 'COVID', 'GREVE', 'LAG_01', 'LAG_03', 'LAG_06', 'LAG_10', 'LAG_11');0.50722
('TEMP_MIN_MÉD_MENS', 'PRECIPITAÇÃO_MÉD_MENS', 'TEMP_MIN_MIN_MENS', 'TEMP_MIN_ACC_MENS', 'TEMP_MAX_MAX_MENS', 'TEMP_MAX_ACC_MENS', 'PRECIPITAÇÃO_MAX_MENS', 'PRECIPITAÇÃO_ACC_MENS', 'DIA_DA_SEMANA_seg', 'DIA_DA_SEMANA_sex', 'DIA_DA_SEMANA_ter', 'MÊS_ago', 'MÊS_dez', 'MÊS_fev', 'MÊS_jan', 'MÊS_jul', 'MÊS_jun', 'MÊS_mai', 'ANO_2023', 'ANO_2024', 'ANO_2015', 'ANO_2018', 'ANO_2020', 'CAMPUS_ASSIS CHATEAUBRIAND', 'CAMPUS_ASTORGA', 'CAMPUS_BARRACÃO', 'CAMPUS_CAPANEMA', 'CAMPUS_CORONEL VIVIDA', 'CAMPUS_IRATI', 'CAMPUS_JACAREZINHO', 'CAMPUS_JAGUARIAÍVA', 'CAMPUS_LONDRINA - CENTRO', 'CAMPUS_PALMAS', 'CAMPUS_PARANAVAÍ', 'CAMPUS_PINHAIS', 'CAMPUS_TELÊMACO BORBA', 'CURSOS_TEC_CONCOMITANTE', 'CURSOS_TEC_INTEGRADO', 'CURSOS_GRAD_MATUTINO', 'CURSOS_GRAD_NOTURNO', 'CURSOS_POS', 'COVID', 'GREVE', 'LAG_02', 'LAG_04', 'LAG_05', 'LAG_08', 'LAG_09', 'LAG_10');0.64955
('TEMP_MÉD_MIN_MENS', 'TEMP_MÉD_MAX_MENS', 'TEMP_MÉD_ACC_MENS', 'PRECIPITAÇÃO_MÉD_MENS', 'TEMP_MAX_MIN_MENS', 'PRECIPITAÇÃO_MAX_MENS', 'PRECIPITAÇÃO_ACC_MENS', 'DIA_DA_SEMANA_dom', 'DIA_DA_SEMANA_qui', 'DIA_DA_SEMANA_seg', 'DIA_DA_SEMANA_sáb', 'DIA_DA_SEMANA_ter', 'MÊS_dez', 'MÊS_fev', 'MÊS_jan', 'MÊS_jul', 'MÊS_mai', 'MÊS_nov', 'MÊS_out', 'MÊS_set', 'ANO_2021', 'ANO_2024', 'ANO_2015', 'ANO_2016', 'ANO_2019', 'CAMPUS_ASTORGA', 'CAMPUS_CAMPO LARGO', 'CAMPUS_CORONEL VIVIDA', 'CAMPUS_CURITIBA', 'CAMPUS_FOZ DO IGUAÇU', 'CAMPUS_IRATI', 'CAMPUS_IVAIPORÃ', 'CAMPUS_JACAREZINHO', 'CAMPUS_JAGUARIAÍVA', 'CAMPUS_PALMAS', 'CAMPUS_PARANAGUÁ', 'CAMPUS_PINHAIS', 'CAMPUS_PITANGA', 'CAMPUS_TELÊMACO BORBA', 'CAMPUS_UNIÃO DA VITÓRIA', 'CURSOS_TEC_CONCOMITANTE', 'CURSOS_TEC_INTEGRADO', 'CURSOS_GRAD_MATUTINO', 'CURSOS_GRAD_VESPERTINO', 'CURSOS_GRAD_NOTURNO', 'CURSOS_POS', 'FÉRIAS', 'FERIADO', 'GREVE', 'ORDEM', 'LAG_01', 'LAG_03', 'LAG_04', 'LAG_05', 'LAG_09', 'LAG_10', 'LAG_11');0.49156
('TEMP_MÉD_MIN_MENS', 'TEMP_MÉD_MÉD_MENS', 'TEMP_MÉD_ACC_MENS', 'PRECIPITAÇÃO_MÉD_MENS', 'TEMP_MIN_MIN_MENS', 'TEMP_MIN_ACC_MENS', 'TEMP_MAX_MAX_MENS', 'PRECIPITAÇÃO_MAX_MENS', 'PRECIPITAÇÃO_ACC_MENS', 'DIA_DA_SEMANA_dom', 'DIA_DA_SEMANA_qui', 'DIA_DA_SEMANA_seg', 'DIA_DA_SEMANA_sex', 'DIA_DA_SEMANA_sáb', 'MÊS_abr', 'MÊS_dez', 'MÊS_jan', 'MÊS_jul', 'MÊS_jun', 'MÊS_out', 'ANO_2022', 'ANO_2015', 'ANO_2017', 'ANO_2019', 'CAMPUS_CAMPO LARGO', 'CAMPUS_CURITIBA', 'CAMPUS_FOZ DO IGUAÇU', 'CAMPUS_IRATI', 'CAMPUS_IVAIPORÃ', 'CAMPUS_JACAREZINHO', 'CAMPUS_JAGUARIAÍVA', 'CAMPUS_PARANAGUÁ', 'CAMPUS_PARANAVAÍ', 'CAMPUS_QUEDAS DO IGUAÇU', 'CAMPUS_UMUARAMA', 'CAMPUS_UNIÃO DA VITÓRIA', 'CURSOS_TEC_CONCOMITANTE', 'CURSOS_TEC_INTEGRADO', 'CURSOS_TEC_SUBSEQUENTE', 'CURSOS_POS', 'FERIADO', 'COVID', 'GREVE', 'ORDEM', 'LAG_02', 'LAG_04', 'LAG_06', 'LAG_09', 'LAG_11');0.62693
('TEMP_MIN_MÉD_MENS', 'TEMP_MÉD_MÉD_MENS', 'TEMP_MÉD_MAX_MENS', 'TEMP_MAX_MÉD_MENS', 'PRECIPITAÇÃO_MÉD_MENS', 'TEMP_MIN_MIN_MENS', 'TEMP_MIN_MAX_MENS', 'TEMP_MIN_ACC_MENS', 'TEMP_MAX_MAX_MENS', 'PRECIPITAÇÃO_MAX_MENS', 'DIA_DA_SEMANA_dom', 'DIA_DA_SEMANA_qua', 'DIA_DA_SEMANA_qui', 'DIA_DA_SEMANA_sex', 'MÊS_fev', 'MÊS_jan', 'MÊS_jul', 'MÊS_jun', 'MÊS_mai', 'MÊS_nov', 'MÊS_out', 'MÊS_set', 'ANO_2024', 'ANO_2016', 'ANO_2018', 'ANO_2019', 'CAMPUS_BARRACÃO', 'CAMPUS_CAMPO LARGO', 'CAMPUS_CAPANEMA', 'CAMPUS_CASCAVEL', 'CAMPUS_CORONEL VIVIDA', 'CAMPUS_CURITIBA', 'CAMPUS_FOZ DO IGUAÇU', 'CAMPUS_IRATI', 'CAMPUS_JACAREZINHO', 'CAMPUS_JAGUARIAÍVA', 'CAMPUS_LONDRINA - CENTRO', 'CAMPUS_QUEDAS DO IGUAÇU', 'CAMPUS_UMUARAMA', 'CAMPUS_UNIÃO DA VITÓRIA', 'CURSOS_TEC_CONCOMITANTE', 'CURSOS_TEC_INTEGRADO', 'CURSOS_TEC_SUBSEQUENTE', 'CURSOS_GRAD_MATUTINO', 'CURSOS_GRAD_VESPERTINO', 'FÉRIAS', 'COVID', 'GREVE', 'ORDEM', 'LAG_01', 'LAG_02', 'LAG_04', 'LAG_05', 'LAG_08', 'LAG_09', 'LAG_10', 'LAG_11', 'LAG_12');0.4937
('TEMP_MÉD_ACC_MENS', 'TEMP_MAX_MÉD_MENS', 'PRECIPITAÇÃO_MÉD_MENS', 'TEMP_MIN_MIN_MENS', 'TEMP_MIN_ACC_MENS', 'PRECIPITAÇÃO_MIN_MENS', 'TEMP_MAX_MAX_MENS', 'TEMP_MAX_ACC_MENS', 'PRECIPITAÇÃO_ACC_MENS', 'DIA_DA_SEMANA_dom', 'DIA_DA_SEMANA_qua', 'DIA_DA_SEMANA_seg', 'DIA_DA_SEMANA_sáb', 'DIA_DA_SEMANA_ter', 'MÊS_ago', 'MÊS_dez', 'MÊS_jan', 'MÊS_jul', 'MÊS_jun', 'MÊS_out', 'ANO_2022', 'ANO_2023', 'ANO_2024', 'ANO_2017', 'CAMPUS_ASSIS CHATEAUBRIAND', 'CAMPUS_ASTORGA', 'CAMPUS_BARRACÃO', 'CAMPUS_CAMPO LARGO', 'CAMPUS_CORONEL VIVIDA', 'CAMPUS_CURITIBA', 'CAMPUS_FOZ DO IGUAÇU', 'CAMPUS_IRATI', 'CAMPUS_JACAREZINHO', 'CAMPUS_JAGUARIAÍVA', 'CAMPUS_PALMAS', 'CAMPUS_PARANAGUÁ', 'CAMPUS_PARANAVAÍ', 'CAMPUS_PINHAIS', 'CAMPUS_QUEDAS DO IGUAÇU', 'CAMPUS_TELÊMACO BORBA', 'CAMPUS_UNIÃO DA VITÓRIA', 'CURSOS_TEC_CONCOMITANTE', 'CURSOS_TEC_SUBSEQUENTE', 'CURSOS_GRAD_MATUTINO', 'CURSOS_GRAD_VESPERTINO', 'CURSOS_GRAD_NOTURNO', 'FÉRIAS', 'GREVE', 'ORDEM', 'LAG_01', 'LAG_03', 'LAG_04', 'LAG_05', 'LAG_07', 'LAG_08', 'LAG_10', 'LAG_11');0.53495
('TEMP_MIN_MÉD_MENS', 'TEMP_MÉD_MIN_MENS', 'TEMP_MÉD_MAX_MENS', 'TEMP_MIN_MIN_MENS', 'TEMP_MAX_MIN_MENS', 'TEMP_MAX_MAX_MENS', 'TEMP_MAX_ACC_MENS', 'PRECIPITAÇÃO_MAX_MENS', 'PRECIPITAÇÃO_ACC_MENS', 'DIA_DA_SEMANA_qua', 'DIA_DA_SEMANA_qui', 'DIA_DA_SEMANA_seg', 'DIA_DA_SEMANA_sex', 'DIA_DA_SEMANA_sáb', 'MÊS_abr', 'MÊS_ago', 'MÊS_dez', 'MÊS_fev', 'MÊS_mar', 'ANO_2023', 'ANO_2016', 'ANO_2017', 'ANO_2018', 'ANO_2019', 'ANO_2020', 'CAMPUS_ASSIS CHATEAUBRIAND', 'CAMPUS_ASTORGA', 'CAMPUS_CAMPO LARGO', 'CAMPUS_CAPANEMA', 'CAMPUS_CASCAVEL', 'CAMPUS_IRATI', 'CAMPUS_IVAIPORÃ', 'CAMPUS_LONDRINA - CENTRO', 'CAMPUS_PARANAGUÁ', 'CAMPUS_TELÊMACO BORBA', 'CAMPUS_UNIÃO DA VITÓRIA', 'CURSOS_TEC_INTEGRADO', 'CURSOS_POS', 'FÉRIAS', 'LAG_01', 'LAG_02', 'LAG_04', 'LAG_05', 'LAG_06', 'LAG_07', 'LAG_08', 'LAG_09', 'LAG_11', 'LAG_12');0.44698
('TEMP_MIN_ACC_MENS', 'TEMP_MAX_MIN_MENS', 'PRECIPITAÇÃO_MIN_MENS', 'TEMP_MAX_ACC_MENS', 'PRECIPITAÇÃO_ACC_MENS', 'DIA_DA_SEMANA_qua', 'DIA_DA_SEMANA_qui', 'DIA_DA_SEMANA_seg', 'DIA_DA_SEMANA_sex', 'DIA_DA_SEMANA_sáb', 'MÊS_ago', 'MÊS_dez', 'MÊS_jun', 'MÊS_mai', 'MÊS_mar', 'MÊS_nov', 'MÊS_out', 'MÊS_set', 'ANO_2021', 'ANO_2024', 'ANO_2016', 'ANO_2017', 'ANO_2018', 'CAMPUS_ASSIS CHATEAUBRIAND', 'CAMPUS_BARRACÃO', 'CAMPUS_CAPANEMA', 'CAMPUS_CORONEL VIVIDA', 'CAMPUS_FOZ DO IGUAÇU', 'CAMPUS_GOIOERÊ', 'CAMPUS_JAGUARIAÍVA', 'CAMPUS_LONDRINA - CENTRO', 'CAMPUS_PALMAS', 'CAMPUS_PARANAGUÁ', 'CAMPUS_PARANAVAÍ', 'CAMPUS_PITANGA', 'CAMPUS_TELÊMACO BORBA', 'CURSOS_TEC_INTEGRADO', 'CURSOS_TEC_SUBSEQUENTE', 'CURSOS_POS', 'FÉRIAS', 'COVID', 'LAG_01', 'LAG_04', 'LAG_05', 'LAG_06', 'LAG_07', 'LAG_08', 'LAG_12');0.50744
('TEMP_MIN_MÉD_MENS', 'TEMP_MÉD_MIN_MENS', 'TEMP_MAX_MÉD_MENS', 'PRECIPITAÇÃO_MÉD_MENS', 'TEMP_MIN_MIN_MENS', 'TEMP_MAX_MIN_MENS', 'PRECIPITAÇÃO_MIN_MENS', 'TEMP_MAX_MAX_MENS', 'DIA_DA_SEMANA_dom', 'DIA_DA_SEMANA_qua', 'DIA_DA_SEMANA_qui', 'DIA_DA_SEMANA_sáb', 'DIA_DA_SEMANA_ter', 'MÊS_abr', 'MÊS_ago', 'MÊS_mai', 'MÊS_mar', 'MÊS_nov', 'MÊS_out', 'MÊS_set', 'ANO_2022', 'ANO_2023', 'ANO_2015', 'ANO_2018', 'ANO_2020', 'CAMPUS_ASSIS CHATEAUBRIAND', 'CAMPUS_BARRACÃO', 'CAMPUS_CORONEL VIVIDA', 'CAMPUS_CURITIBA', 'CAMPUS_FOZ DO IGUAÇU', 'CAMPUS_GOIOERÊ', 'CAMPUS_IRATI', 'CAMPUS_JACAREZINHO', 'CAMPUS_JAGUARIAÍVA', 'CAMPUS_PARANAGUÁ', 'CAMPUS_PARANAVAÍ', 'CAMPUS_QUEDAS DO IGUAÇU', 'CAMPUS_TELÊMACO BORBA', 'CURSOS_TEC_CONCOMITANTE', 'CURSOS_TEC_INTEGRADO', 'CURSOS_GRAD_MATUTINO', 'CURSOS_GRAD_VESPERTINO', 'CURSOS_GRAD_NOTURNO', 'FÉRIAS', 'COVID', 'LAG_01', 'LAG_02', 'LAG_03', 'LAG_05', 'LAG_06', 'LAG_07', 'LAG_10', 'LAG_11');0.43485
('TEMP_MÉD_MIN_MENS', 'TEMP_MÉD_MÉD_MENS', 'TEMP_MÉD_ACC_MENS', 'TEMP_MAX_MÉD_MENS', 'PRECIPITAÇÃO_MÉD_MENS', 'TEMP_MIN_MAX_MENS', 'TEMP_MAX_ACC_MENS', 'DIA_DA_SEMANA_qui', 'DIA_DA_SEMANA_seg', 'DIA_DA_SEMANA_sex', 'DIA_DA_SEMANA_sáb', 'DIA_DA_SEMANA_ter', 'MÊS_abr', 'MÊS_ago', 'MÊS_dez', 'MÊS_fev', 'MÊS_jul', 'MÊS_jun', 'MÊS_out', 'ANO_2022', 'ANO_2023', 'ANO_2015', 'ANO_2016', 'ANO_2019', 'CAMPUS_ASTORGA', 'CAMPUS_CAPANEMA', 'CAMPUS_CASCAVEL', 'CAMPUS_CORONEL VIVIDA', 'CAMPUS_CURITIBA', 'CAMPUS_FOZ DO IGUAÇU', 'CAMPUS_GOIOERÊ', 'CAMPUS_IVAIPORÃ', 'CAMPUS_JACAREZINHO', 'CAMPUS_LONDRINA - CENTRO', 'CAMPUS_PARANAVAÍ', 'CAMPUS_PINHAIS', 'CAMPUS_UNIÃO DA VITÓRIA', 'CURSOS_TEC_INTEGRADO', 'CURSOS_GRAD_VESPERTINO', 'CURSOS_POS', 'FÉRIAS', 'FERIADO', 'GREVE', 'ORDEM', 'LAG_02', 'LAG_03', 'LAG_08', 'LAG_09', 'LAG_10', 'LAG_11', 'LAG_12');0.66507
('TEMP_MIN_MÉD_MENS', 'TEMP_MÉD_MIN_MENS', 'TEMP_MÉD_MÉD_MENS', 'TEMP_MÉD_MAX_MENS', 'TEMP_MAX_MÉD_MENS', 'PRECIPITAÇÃO_MÉD_MENS', 'TEMP_MIN_MIN_MENS', 'TEMP_MAX_MAX_MENS', 'TEMP_MAX_ACC_MENS', 'DIA_DA_SEMANA_qua', 'DIA_DA_SEMANA_qui', 'DIA_DA_SEMANA_sex', 'DIA_DA_SEMANA_sáb', 'DIA_DA_SEMANA_ter', 'MÊS_abr', 'MÊS_ago', 'MÊS_dez', 'MÊS_fev', 'MÊS_jun', 'MÊS_mai', 'ANO_2023', 'ANO_2024', 'ANO_2015', 'ANO_2018', 'ANO_2019', 'ANO_2020', 'CAMPUS_ASTORGA', 'CAMPUS_BARRACÃO', 'CAMPUS_CAMPO LARGO', 'CAMPUS_CORONEL VIVIDA', 'CAMPUS_CURITIBA', 'CAMPUS_IVAIPORÃ', 'CAMPUS_JACAREZINHO', 'CAMPUS_JAGUARIAÍVA', 'CAMPUS_LONDRINA - CENTRO', 'CAMPUS_PARANAVAÍ', 'CAMPUS_PINHAIS', 'CAMPUS_TELÊMACO BORBA', 'CAMPUS_UNIÃO DA VITÓRIA', 'CURSOS_TEC_INTEGRADO', 'CURSOS_GRAD_VESPERTINO', 'FÉRIAS', 'FERIADO', 'LAG_01', 'LAG_02', 'LAG_03', 'LAG_04', 'LAG_05', 'LAG_07', 'LAG_09', 'LAG_10');0.48995
('TEMP_MÉD_MIN_MENS', 'TEMP_MÉD_MÉD_MENS', 'TEMP_MÉD_ACC_MENS', 'TEMP_MAX_MÉD_MENS', 'TEMP_MIN_MIN_MENS', 'TEMP_MIN_MAX_MENS', 'TEMP_MIN_ACC_MENS', 'TEMP_MAX_MIN_MENS', 'TEMP_MAX_MAX_MENS', 'PRECIPITAÇÃO_MAX_MENS', 'DIA_DA_SEMANA_dom', 'DIA_DA_SEMANA_qui', 'DIA_DA_SEMANA_seg', 'DIA_DA_SEMANA_sex', 'MÊS_abr', 'MÊS_ago', 'MÊS_dez', 'MÊS_jan', 'MÊS_jul', 'MÊS_nov', 'ANO_2021', 'ANO_2024', 'ANO_2015', 'ANO_2017', 'ANO_2018', 'CAMPUS_ASSIS CHATEAUBRIAND', 'CAMPUS_ASTORGA', 'CAMPUS_CAMPO LARGO', 'CAMPUS_CASCAVEL', 'CAMPUS_CURITIBA', 'CAMPUS_FOZ DO IGUAÇU', 'CAMPUS_IRATI', 'CAMPUS_IVAIPORÃ', 'CAMPUS_JACAREZINHO', 'CAMPUS_JAGUARIAÍVA', 'CAMPUS_LONDRINA - CENTRO', 'CAMPUS_PALMAS', 'CAMPUS_PINHAIS', 'CAMPUS_TELÊMACO BORBA', 'CAMPUS_UMUARAMA', 'CAMPUS_UNIÃO DA VITÓRIA', 'CURSOS_TEC_INTEGRADO', 'CURSOS_TEC_SUBSEQUENTE', 'CURSOS_GRAD_MATUTINO', 'CURSOS_POS', 'FERIADO', 'COVID', 'GREVE', 'ORDEM', 'LAG_06', 'LAG_09', 'LAG_10', 'LAG_11');0.63331
('TEMP_MIN_MÉD_MENS', 'TEMP_MÉD_ACC_MENS', 'PRECIPITAÇÃO_MÉD_MENS', 'TEMP_MIN_MIN_MENS', 'TEMP_MIN_MAX_MENS', 'TEMP_MIN_ACC_MENS', 'TEMP_MAX_MIN_MENS', 'PRECIPITAÇÃO_MIN_MENS', 'TEMP_MAX_MAX_MENS', 'DIA_DA_SEMANA_qui', 'DIA_DA_SEMANA_sex', 'DIA_DA_SEMANA_sáb', 'MÊS_abr', 'MÊS_jun', 'MÊS_mai', 'MÊS_nov', 'MÊS_set', 'ANO_2021', 'ANO_2022', 'ANO_2023', 'ANO_2024', 'ANO_2015', 'ANO_2017', 'ANO_2019', 'ANO_2020', 'CAMPUS_ASSIS CHATEAUBRIAND', 'CAMPUS_CAPANEMA', 'CAMPUS_CORONEL VIVIDA', 'CAMPUS_FOZ DO IGUAÇU', 'CAMPUS_GOIOERÊ', 'CAMPUS_IVAIPORÃ', 'CAMPUS_LONDRINA - CENTRO', 'CAMPUS_PALMAS', 'CAMPUS_PARANAGUÁ', 'CAMPUS_PINHAIS', 'CAMPUS_PITANGA', 'CAMPUS_TELÊMACO BORBA', 'CAMPUS_UMUARAMA', 'CAMPUS_UNIÃO DA VITÓRIA', 'CURSOS_TEC_INTEGRADO', 'CURSOS_TEC_SUBSEQUENTE', 'CURSOS_GRAD_MATUTINO', 'CURSOS_GRAD_VESPERTINO', 'FÉRIAS', 'LAG_01', 'LAG_02', 'LAG_05', 'LAG_06', 'LAG_08', 'LAG_12');0.49611
('TEMP_MÉD_MIN_MENS', 'TEMP_MÉD_MÉD_MENS', 'TEMP_MÉD_MAX_MENS', 'TEMP_MÉD_ACC_MENS', 'TEMP_MAX_MÉD_MENS', 'TEMP_MIN_MIN_MENS', 'TEMP_MIN_ACC_MENS', 'TEMP_MAX_MIN_MENS', 'PRECIPITAÇÃO_MIN_MENS', 'TEMP_MAX_MAX_MENS', 'TEMP_MAX_ACC_MENS', 'DIA_DA_SEMANA_dom', 'DIA_DA_SEMANA_qua', 'DIA_DA_SEMANA_ter', 'MÊS_abr', 'MÊS_ago', 'MÊS_fev', 'MÊS_jul', 'MÊS_jun', 'MÊS_mai', 'MÊS_mar', 'MÊS_out', 'ANO_2021', 'ANO_2024', 'ANO_2015', 'ANO_2017', 'ANO_2019', 'ANO_2020', 'CAMPUS_ASSIS CHATEAUBRIAND', 'CAMPUS_BARRACÃO', 'CAMPUS_CAPANEMA', 'CAMPUS_CASCAVEL', 'CAMPUS_CURITIBA', 'CAMPUS_FOZ DO IGUAÇU', 'CAMPUS_IRATI', 'CAMPUS_IVAIPORÃ', 'CAMPUS_JAGUARIAÍVA', 'CAMPUS_LONDRINA - CENTRO', 'CAMPUS_PALMAS', 'CAMPUS_PARANAGUÁ', 'CAMPUS_PARANAVAÍ', 'CAMPUS_PITANGA', 'CAMPUS_QUEDAS DO IGUAÇU', 'CAMPUS_UMUARAMA', 'CAMPUS_UNIÃO DA VITÓRIA', 'CURSOS_TEC_INTEGRADO', 'CURSOS_GRAD_MATUTINO', 'CURSOS_GRAD_VESPERTINO', 'CURSOS_POS', 'COVID', 'GREVE', 'LAG_03', 'LAG_04', 'LAG_05', 'LAG_06', 'LAG_07', 'LAG_09', 'LAG_10', 'LAG_11');0.67124
('TEMP_MIN_MÉD_MENS', 'TEMP_MÉD_MAX_MENS', 'TEMP_MAX_MÉD_MENS', 'TEMP_MIN_MIN_MENS', 'TEMP_MIN_MAX_MENS', 'TEMP_MIN_ACC_MENS', 'TEMP_MAX_MIN_MENS', 'TEMP_MAX_MAX_MENS', 'TEMP_MAX_ACC_MENS', 'PRECIPITAÇÃO_ACC_MENS', 'DIA_DA_SEMANA_dom', 'DIA_DA_SEMANA_ter', 'MÊS_abr', 'MÊS_ago', 'MÊS_dez', 'MÊS_jan', 'MÊS_jul', 'MÊS_nov', 'MÊS_out', 'MÊS_set', 'ANO_2021', 'ANO_2015', 'ANO_2016', 'ANO_2017', 'ANO_2018', 'ANO_2019', 'CAMPUS_ASSIS CHATEAUBRIAND', 'CAMPUS_ASTORGA', 'CAMPUS_CORONEL VIVIDA', 'CAMPUS_FOZ DO IGUAÇU', 'CAMPUS_IRATI', 'CAMPUS_JACAREZINHO', 'CAMPUS_JAGUARIAÍVA', 'CAMPUS_LONDRINA - CENTRO', 'CAMPUS_PARANAGUÁ', 'CAMPUS_PARANAVAÍ', 'CAMPUS_PINHAIS', 'CAMPUS_PITANGA', 'CAMPUS_QUEDAS DO IGUAÇU', 'CAMPUS_UMUARAMA', 'CAMPUS_UNIÃO DA VITÓRIA', 'CURSOS_TEC_CONCOMITANTE', 'CURSOS_TEC_INTEGRADO', 'CURSOS_TEC_SUBSEQUENTE', 'CURSOS_GRAD_NOTURNO', 'FÉRIAS', 'ORDEM', 'LAG_01', 'LAG_05', 'LAG_06', 'LAG_07', 'LAG_11', 'LAG_12');0.50956
('TEMP_MÉD_MIN_MENS', 'TEMP_MÉD_MÉD_MENS', 'TEMP_MÉD_MAX_MENS', 'TEMP_MÉD_ACC_MENS', 'PRECIPITAÇÃO_MÉD_MENS', 'TEMP_MIN_MIN_MENS', 'TEMP_MIN_MAX_MENS', 'TEMP_MIN_ACC_MENS', 'TEMP_MAX_MIN_MENS', 'PRECIPITAÇÃO_MIN_MENS', 'PRECIPITAÇÃO_MAX_MENS', 'DIA_DA_SEMANA_dom', 'DIA_DA_SEMANA_qua', 'DIA_DA_SEMANA_qui', 'DIA_DA_SEMANA_seg', 'DIA_DA_SEMANA_sex', 'DIA_DA_SEMANA_sáb', 'DIA_DA_SEMANA_ter', 'MÊS_abr', 'MÊS_ago', 'MÊS_jan', 'MÊS_jul', 'MÊS_mar', 'MÊS_nov', 'MÊS_out', 'MÊS_set', 'ANO_2022', 'ANO_2015', 'ANO_2016', 'ANO_2017', 'ANO_2018', 'ANO_2020', 'CAMPUS_ASSIS CHATEAUBRIAND', 'CAMPUS_ASTORGA', 'CAMPUS_CAMPO LARGO', 'CAMPUS_CAPANEMA', 'CAMPUS_CURITIBA', 'CAMPUS_FOZ DO IGUAÇU', 'CAMPUS_GOIOERÊ', 'CAMPUS_JACAREZINHO', 'CAMPUS_JAGUARIAÍVA', 'CAMPUS_LONDRINA - CENTRO', 'CAMPUS_PALMAS', 'CAMPUS_PARANAGUÁ', 'CAMPUS_PARANAVAÍ', 'CAMPUS_PINHAIS', 'CAMPUS_PITANGA', 'CAMPUS_QUEDAS DO IGUAÇU', 'CAMPUS_TELÊMACO BORBA', 'CAMPUS_UNIÃO DA VITÓRIA', 'CURSOS_TEC_CONCOMITANTE', 'CURSOS_TEC_SUBSEQUENTE', 'CURSOS_GRAD_NOTURNO', 'FÉRIAS', 'COVID', 'ORDEM', 'LAG_05', 'LAG_06', 'LAG_07', 'LAG_10', 'LAG_11', 'LAG_12');0.62429
('TEMP_MIN_MÉD_MENS', 'TEMP_MAX_MÉD_MENS', 'PRECIPITAÇÃO_MÉD_MENS', 'TEMP_MIN_MIN_MENS', 'TEMP_MIN_ACC_MENS', 'TEMP_MAX_MIN_MENS', 'TEMP_MAX_ACC_MENS', 'PRECIPITAÇÃO_MAX_MENS', 'PRECIPITAÇÃO_ACC_MENS', 'DIA_DA_SEMANA_dom', 'DIA_DA_SEMANA_qui', 'DIA_DA_SEMANA_sáb', 'DIA_DA_SEMANA_ter', 'MÊS_dez', 'MÊS_fev', 'MÊS_mai', 'MÊS_mar', 'MÊS_nov', 'ANO_2021', 'ANO_2022', 'ANO_2023', 'ANO_2024', 'ANO_2016', 'ANO_2020', 'CAMPUS_ASSIS CHATEAUBRIAND', 'CAMPUS_ASTORGA', 'CAMPUS_CAMPO LARGO', 'CAMPUS_CAPANEMA', 'CAMPUS_CURITIBA', 'CAMPUS_GOIOERÊ', 'CAMPUS_IRATI', 'CAMPUS_JACAREZINHO', 'CAMPUS_JAGUARIAÍVA', 'CAMPUS_LONDRINA - CENTRO', 'CAMPUS_PARANAGUÁ', 'CAMPUS_PINHAIS', 'CAMPUS_PITANGA', 'CAMPUS_QUEDAS DO IGUAÇU', 'CAMPUS_TELÊMACO BORBA', 'CAMPUS_UMUARAMA', 'CURSOS_TEC_CONCOMITANTE', 'CURSOS_TEC_INTEGRADO', 'CURSOS_TEC_SUBSEQUENTE', 'CURSOS_GRAD_VESPERTINO', 'CURSOS_POS', 'COVID', 'ORDEM', 'LAG_02', 'LAG_03', 'LAG_05', 'LAG_07', 'LAG_09', 'LAG_11');0.63664
('TEMP_MÉD_MÉD_MENS', 'TEMP_MÉD_ACC_MENS', 'TEMP_MAX_MÉD_MENS', 'TEMP_MIN_MAX_MENS', 'TEMP_MAX_MIN_MENS', 'TEMP_MAX_ACC_MENS', 'PRECIPITAÇÃO_MAX_MENS', 'PRECIPITAÇÃO_ACC_MENS', 'DIA_DA_SEMANA_dom', 'DIA_DA_SEMANA_sex', 'DIA_DA_SEMANA_sáb', 'MÊS_abr', 'MÊS_ago', 'MÊS_dez', 'MÊS_fev', 'MÊS_jan', 'MÊS_jul', 'MÊS_mai', 'MÊS_mar', 'MÊS_out', 'MÊS_set', 'ANO_2022', 'ANO_2023', 'ANO_2017', 'ANO_2018', 'ANO_2019', 'ANO_2020', 'CAMPUS_CAMPO LARGO', 'CAMPUS_CAPANEMA', 'CAMPUS_CASCAVEL', 'CAMPUS_CORONEL VIVIDA', 'CAMPUS_FOZ DO IGUAÇU', 'CAMPUS_GOIOERÊ', 'CAMPUS_IRATI', 'CAMPUS_JAGUARIAÍVA', 'CAMPUS_LONDRINA - CENTRO', 'CAMPUS_PALMAS', 'CAMPUS_PARANAGUÁ', 'CAMPUS_PARANAVAÍ', 'CAMPUS_PINHAIS', 'CAMPUS_PITANGA', 'CAMPUS_UMUARAMA', 'CAMPUS_UNIÃO DA VITÓRIA', 'CURSOS_TEC_CONCOMITANTE', 'CURSOS_GRAD_MATUTINO', 'CURSOS_GRAD_VESPERTINO', 'CURSOS_GRAD_NOTURNO', 'FÉRIAS', 'GREVE', 'ORDEM', 'LAG_01', 'LAG_02', 'LAG_04', 'LAG_06', 'LAG_08', 'LAG_09', 'LAG_10', 'LAG_11');0.50576
('TEMP_MÉD_MÉD_MENS', 'TEMP_MÉD_ACC_MENS', 'TEMP_MIN_MAX_MENS', 'TEMP_MIN_ACC_MENS', 'PRECIPITAÇÃO_MIN_MENS', 'PRECIPITAÇÃO_ACC_MENS', 'DIA_DA_SEMANA_qua', 'DIA_DA_SEMANA_seg', 'DIA_DA_SEMANA_sex', 'MÊS_dez', 'MÊS_jul', 'MÊS_jun', 'MÊS_mai', 'MÊS_mar', 'MÊS_nov', 'MÊS_out', 'MÊS_set', 'ANO_2021', 'ANO_2022', 'ANO_2016', 'ANO_2017', 'ANO_2019', 'CAMPUS_ASSIS CHATEAUBRIAND', 'CAMPUS_BARRACÃO', 'CAMPUS_CASCAVEL', 'CAMPUS_CORONEL VIVIDA', 'CAMPUS_FOZ DO IGUAÇU', 'CAMPUS_IRATI', 'CAMPUS_IVAIPORÃ', 'CAMPUS_JACAREZINHO', 'CAMPUS_JAGUARIAÍVA', 'CAMPUS_PARANAGUÁ', 'CAMPUS_PITANGA', 'CAMPUS_QUEDAS DO IGUAÇU', 'CAMPUS_UMUARAMA', 'CURSOS_TEC_SUBSEQUENTE', 'CURSOS_GRAD_MATUTINO', 'CURSOS_GRAD_NOTURNO', 'CURSOS_POS', 'ORDEM', 'LAG_01', 'LAG_02', 'LAG_03', 'LAG_04', 'LAG_05', 'LAG_09', 'LAG_10', 'LAG_12');0.50477
('TEMP_MÉD_MAX_MENS', 'TEMP_MAX_MÉD_MENS', 'TEMP_MIN_MIN_MENS', 'TEMP_MIN_MAX_MENS', 'TEMP_MIN_ACC_MENS', 'TEMP_MAX_MIN_MENS', 'PRECIPITAÇÃO_MIN_MENS', 'PRECIPITAÇÃO_MAX_MENS', 'PRECIPITAÇÃO_ACC_MENS', 'DIA_DA_SEMANA_qua', 'DIA_DA_SEMANA_sáb', 'DIA_DA_SEMANA_ter', 'MÊS_abr', 'MÊS_ago', 'MÊS_fev', 'MÊS_jan', 'MÊS_mar', 'MÊS_out', 'ANO_2021', 'ANO_2024', 'ANO_2015', 'ANO_2017', 'ANO_2019', 'CAMPUS_ASSIS CHATEAUBRIAND', 'CAMPUS_ASTORGA', 'CAMPUS_CAMPO LARGO', 'CAMPUS_CAPANEMA', 'CAMPUS_CURITIBA', 'CAMPUS_GOIOERÊ', 'CAMPUS_IRATI', 'CAMPUS_IVAIPORÃ', 'CAMPUS_JACAREZINHO', 'CAMPUS_JAGUARIAÍVA', 'CAMPUS_PALMAS', 'CAMPUS_PARANAGUÁ', 'CAMPUS_PARANAVAÍ', 'CAMPUS_TELÊMACO BORBA', 'CURSOS_TEC_CONCOMITANTE', 'CURSOS_TEC_SUBSEQUENTE', 'CURSOS_GRAD_NOTURNO', 'CURSOS_POS', 'FÉRIAS', 'FERIADO', 'LAG_01', 'LAG_02', 'LAG_03', 'LAG_04', 'LAG_06', 'LAG_07', 'LAG_08', 'LAG_11');0.54081
('TEMP_MIN_MÉD_MENS', 'TEMP_MÉD_MÉD_MENS', 'TEMP_MÉD_MAX_MENS', 'TEMP_MAX_MÉD_MENS', 'PRECIPITAÇÃO_MÉD_MENS', 'TEMP_MIN_MIN_MENS', 'TEMP_MIN_MAX_MENS', 'TEMP_MIN_ACC_MENS', 'TEMP_MAX_MIN_MENS', 'PRECIPITAÇÃO_MIN_MENS', 'TEMP_MAX_MAX_MENS', 'TEMP_MAX_ACC_MENS', 'PRECIPITAÇÃO_ACC_MENS', 'DIA_DA_SEMANA_sex', 'DIA_DA_SEMANA_sáb', 'DIA_DA_SEMANA_ter', 'MÊS_dez', 'MÊS_mai', 'MÊS_nov', 'ANO_2021', 'ANO_2022', 'ANO_2015', 'ANO_2017', 'ANO_2020', 'CAMPUS_ASSIS CHATEAUBRIAND', 'CAMPUS_ASTORGA', 'CAMPUS_BARRACÃO', 'CAMPUS_CAMPO LARGO', 'CAMPUS_CAPANEMA', 'CAMPUS_CASCAVEL', 'CAMPUS_CURITIBA', 'CAMPUS_FOZ DO IGUAÇU', 'CAMPUS_IRATI', 'CAMPUS_IVAIPORÃ', 'CAMPUS_JACAREZINHO', 'CAMPUS_PALMAS', 'CAMPUS_PARANAGUÁ', 'CAMPUS_PARANAVAÍ', 'CAMPUS_PINHAIS', 'CAMPUS_QUEDAS DO IGUAÇU', 'CAMPUS_TELÊMACO BORBA', 'CAMPUS_UMUARAMA', 'CURSOS_TEC_CONCOMITANTE', 'CURSOS_TEC_INTEGRADO', 'CURSOS_TEC_SUBSEQUENTE', 'CURSOS_GRAD_MATUTINO', 'CURSOS_GRAD_VESPERTINO', 'CURSOS_GRAD_NOTURNO', 'CURSOS_POS', 'FERIADO', 'GREVE', 'ORDEM', 'LAG_01', 'LAG_02', 'LAG_05', 'LAG_06', 'LAG_07', 'LAG_08', 'LAG_09', 'LAG_10', 'LAG_11');0.51967
('TEMP_MIN_MÉD_MENS', 'TEMP_MÉD_MIN_MENS', 'TEMP_MÉD_MAX_MENS', 'TEMP_MÉD_ACC_MENS', 'TEMP_MAX_MÉD_MENS', 'PRECIPITAÇÃO_MÉD_MENS', 'TEMP_MIN_MIN_MENS', 'TEMP_MIN_MAX_MENS', 'TEMP_MIN_ACC_MENS', 'TEMP_MAX_MIN_MENS', 'PRECIPITAÇÃO_MIN_MENS', 'TEMP_MAX_MAX_MENS', 'DIA_DA_SEMANA_dom', 'DIA_DA_SEMANA_qui', 'DIA_DA_SEMANA_sex', 'DIA_DA_SEMANA_ter', 'MÊS_abr', 'MÊS_dez', 'MÊS_fev', 'MÊS_jan', 'MÊS_jul', 'MÊS_nov', 'MÊS_out', 'MÊS_set', 'ANO_2022', 'ANO_2023', 'ANO_2015', 'ANO_2017', 'ANO_2018', 'ANO_2019', 'ANO_2020', 'CAMPUS_ASSIS CHATEAUBRIAND', 'CAMPUS_ASTORGA', 'CAMPUS_BARRACÃO', 'CAMPUS_CAPANEMA', 'CAMPUS_CASCAVEL', 'CAMPUS_FOZ DO IGUAÇU', 'CAMPUS_GOIOERÊ', 'CAMPUS_IVAIPORÃ', 'CAMPUS_JACAREZINHO', 'CAMPUS_PALMAS', 'CAMPUS_PARANAGUÁ', 'CAMPUS_TELÊMACO BORBA', 'CAMPUS_UMUARAMA', 'CURSOS_TEC_SUBSEQUENTE', 'CURSOS_GRAD_MATUTINO', 'CURSOS_GRAD_NOTURNO', 'CURSOS_POS', 'COVID', 'ORDEM', 'LAG_01', 'LAG_02', 'LAG_03', 'LAG_05', 'LAG_06', 'LAG_07', 'LAG_11', 'LAG_12');0.49152
('TEMP_MIN_MÉD_MENS', 'TEMP_MÉD_MAX_MENS', 'TEMP_MAX_MÉD_MENS', 'PRECIPITAÇÃO_MÉD_MENS', 'TEMP_MIN_MAX_MENS', 'TEMP_MIN_ACC_MENS', 'TEMP_MAX_MIN_MENS', 'PRECIPITAÇÃO_MIN_MENS', 'TEMP_MAX_MAX_MENS', 'PRECIPITAÇÃO_MAX_MENS', 'PRECIPITAÇÃO_ACC_MENS', 'DIA_DA_SEMANA_qua', 'DIA_DA_SEMANA_qui', 'DIA_DA_SEMANA_sáb', 'DIA_DA_SEMANA_ter', 'MÊS_abr', 'MÊS_ago', 'MÊS_dez', 'MÊS_fev', 'MÊS_jul', 'MÊS_jun', 'MÊS_mar', 'MÊS_out', 'ANO_2022', 'ANO_2024', 'ANO_2015', 'ANO_2016', 'ANO_2018', 'ANO_2019', 'ANO_2020', 'CAMPUS_ASTORGA', 'CAMPUS_BARRACÃO', 'CAMPUS_CASCAVEL', 'CAMPUS_CORONEL VIVIDA', 'CAMPUS_FOZ DO IGUAÇU', 'CAMPUS_IRATI', 'CAMPUS_IVAIPORÃ', 'CAMPUS_JACAREZINHO', 'CAMPUS_JAGUARIAÍVA', 'CAMPUS_LONDRINA - CENTRO', 'CAMPUS_PARANAVAÍ', 'CAMPUS_PINHAIS', 'CAMPUS_QUEDAS DO IGUAÇU', 'CURSOS_TEC_CONCOMITANTE', 'CURSOS_GRAD_MATUTINO', 'COVID', 'GREVE', 'ORDEM', 'LAG_01', 'LAG_04', 'LAG_06', 'LAG_08', 'LAG_09', 'LAG_10');0.51583
('TEMP_MÉD_MAX_MENS', 'TEMP_MÉD_ACC_MENS', 'TEMP_MAX_MÉD_MENS', 'PRECIPITAÇÃO_MÉD_MENS', 'TEMP_MIN_ACC_MENS', 'TEMP_MAX_MIN_MENS', 'PRECIPITAÇÃO_MIN_MENS', 'TEMP_MAX_ACC_MENS', 'PRECIPITAÇÃO_MAX_MENS', 'PRECIPITAÇÃO_ACC_MENS', 'DIA_DA_SEMANA_qua', 'DIA_DA_SEMANA_qui', 'DIA_DA_SEMANA_seg', 'DIA_DA_SEMANA_sáb', 'DIA_DA_SEMANA_ter', 'MÊS_abr', 'MÊS_dez', 'MÊS_fev', 'MÊS_jan', 'MÊS_mai', 'MÊS_mar', 'MÊS_nov', 'MÊS_set', 'ANO_2024', 'ANO_2015', 'ANO_2016', 'ANO_2017', 'ANO_2018', 'ANO_2019', 'ANO_2020', 'CAMPUS_ASSIS CHATEAUBRIAND', 'CAMPUS_ASTORGA', 'CAMPUS_BARRACÃO', 'CAMPUS_CAMPO LARGO', 'CAMPUS_CAPANEMA', 'CAMPUS_CASCAVEL', 'CAMPUS_CORONEL VIVIDA', 'CAMPUS_FOZ DO IGUAÇU', 'CAMPUS_IRATI', 'CAMPUS_JAGUARIAÍVA', 'CAMPUS_LONDRINA - CENTRO', 'CAMPUS_PALMAS', 'CAMPUS_PARANAVAÍ', 'CAMPUS_PITANGA', 'CAMPUS_TELÊMACO BORBA', 'CAMPUS_UMUARAMA', 'CURSOS_TEC_INTEGRADO', 'CURSOS_GRAD_VESPERTINO', 'CURSOS_GRAD_NOTURNO', 'FÉRIAS', 'COVID', 'LAG_01', 'LAG_03', 'LAG_06', 'LAG_07', 'LAG_08', 'LAG_09', 'LAG_10', 'LAG_11', 'LAG_12');0.49682
('TEMP_MÉD_MIN_MENS', 'TEMP_MÉD_MÉD_MENS', 'TEMP_MÉD_MAX_MENS', 'TEMP_MÉD_ACC_MENS', 'TEMP_MAX_MÉD_MENS', 'PRECIPITAÇÃO_MÉD_MENS', 'TEMP_MIN_MIN_MENS', 'TEMP_MIN_MAX_MENS', 'TEMP_MAX_MIN_MENS', 'TEMP_MAX_ACC_MENS', 'PRECIPITAÇÃO_MAX_MENS', 'PRECIPITAÇÃO_ACC_MENS', 'DIA_DA_SEMANA_dom', 'DIA_DA_SEMANA_sáb', 'DIA_DA_SEMANA_ter', 'MÊS_abr', 'MÊS_ago', 'MÊS_dez', 'MÊS_jan', 'MÊS_jul', 'MÊS_jun', 'MÊS_mar', 'MÊS_nov', 'MÊS_out', 'MÊS_set', 'ANO_2021', 'ANO_2015', 'ANO_2018', 'ANO_2019', 'ANO_2020', 'CAMPUS_ASSIS CHATEAUBRIAND', 'CAMPUS_BARRACÃO', 'CAMPUS_CAPANEMA', 'CAMPUS_CURITIBA', 'CAMPUS_FOZ DO IGUAÇU', 'CAMPUS_GOIOERÊ', 'CAMPUS_IRATI', 'CAMPUS_IVAIPORÃ', 'CAMPUS_JACAREZINHO', 'CAMPUS_PALMAS', 'CAMPUS_PITANGA', 'CAMPUS_TELÊMACO BORBA', 'CAMPUS_UNIÃO DA VITÓRIA', 'CURSOS_TEC_CONCOMITANTE', 'CURSOS_TEC_SUBSEQUENTE', 'CURSOS_GRAD_MATUTINO', 'CURSOS_GRAD_VESPERTINO', 'CURSOS_GRAD_NOTURNO', 'CURSOS_POS', 'FÉRIAS', 'FERIADO', 'COVID', 'GREVE', 'LAG_01', 'LAG_02', 'LAG_03', 'LAG_08', 'LAG_09', 'LAG_10', 'LAG_12');0.47714
('TEMP_MÉD_MIN_MENS', 'TEMP_MÉD_MÉD_MENS', 'TEMP_MÉD_ACC_MENS', 'TEMP_MAX_MÉD_MENS', 'TEMP_MIN_ACC_MENS', 'TEMP_MAX_MIN_MENS', 'PRECIPITAÇÃO_MIN_MENS', 'TEMP_MAX_MAX_MENS', 'TEMP_MAX_ACC_MENS', 'PRECIPITAÇÃO_ACC_MENS', 'DIA_DA_SEMANA_qui', 'DIA_DA_SEMANA_sex', 'DIA_DA_SEMANA_sáb', 'DIA_DA_SEMANA_ter', 'MÊS_abr', 'MÊS_dez', 'MÊS_jul', 'MÊS_jun', 'MÊS_mai', 'MÊS_mar', 'MÊS_nov', 'ANO_2021', 'ANO_2015', 'ANO_2017', 'ANO_2018', 'ANO_2019', 'ANO_2020', 'CAMPUS_ASSIS CHATEAUBRIAND', 'CAMPUS_CORONEL VIVIDA', 'CAMPUS_CURITIBA', 'CAMPUS_GOIOERÊ', 'CAMPUS_IVAIPORÃ', 'CAMPUS_JACAREZINHO', 'CAMPUS_JAGUARIAÍVA', 'CAMPUS_PALMAS', 'CAMPUS_PINHAIS', 'CAMPUS_TELÊMACO BORBA', 'CAMPUS_UMUARAMA', 'CURSOS_TEC_INTEGRADO', 'CURSOS_TEC_SUBSEQUENTE', 'CURSOS_GRAD_MATUTINO', 'CURSOS_GRAD_VESPERTINO', 'FERIADO', 'COVID', 'ORDEM', 'LAG_02', 'LAG_04', 'LAG_05', 'LAG_07', 'LAG_09', 'LAG_10', 'LAG_11', 'LAG_12');0.62129
('TEMP_MÉD_MAX_MENS', 'TEMP_MAX_MÉD_MENS', 'TEMP_MIN_MAX_MENS', 'TEMP_MIN_ACC_MENS', 'TEMP_MAX_MIN_MENS', 'PRECIPITAÇÃO_ACC_MENS', 'DIA_DA_SEMANA_dom', 'DIA_DA_SEMANA_qui', 'DIA_DA_SEMANA_seg', 'DIA_DA_SEMANA_sáb', 'DIA_DA_SEMANA_ter', 'MÊS_abr', 'MÊS_ago', 'MÊS_fev', 'MÊS_jul', 'MÊS_jun', 'MÊS_nov', 'MÊS_set', 'ANO_2021', 'ANO_2022', 'ANO_2023', 'ANO_2016', 'ANO_2017', 'ANO_2020', 'CAMPUS_ASSIS CHATEAUBRIAND', 'CAMPUS_ASTORGA', 'CAMPUS_BARRACÃO', 'CAMPUS_CORONEL VIVIDA', 'CAMPUS_GOIOERÊ', 'CAMPUS_LONDRINA - CENTRO', 'CAMPUS_PALMAS', 'CAMPUS_PITANGA', 'CAMPUS_UMUARAMA', 'CURSOS_TEC_CONCOMITANTE', 'CURSOS_TEC_INTEGRADO', 'CURSOS_TEC_SUBSEQUENTE', 'CURSOS_GRAD_VESPERTINO', 'CURSOS_POS', 'FÉRIAS', 'COVID', 'LAG_02', 'LAG_04', 'LAG_05', 'LAG_06', 'LAG_07', 'LAG_08', 'LAG_09', 'LAG_10', 'LAG_12');0.62011
('TEMP_MIN_MÉD_MENS', 'TEMP_MÉD_MIN_MENS', 'TEMP_MÉD_MÉD_MENS', 'TEMP_MAX_MÉD_MENS', 'TEMP_MIN_MIN_MENS', 'TEMP_MIN_MAX_MENS', 'PRECIPITAÇÃO_MIN_MENS', 'PRECIPITAÇÃO_MAX_MENS', 'DIA_DA_SEMANA_qua', 'DIA_DA_SEMANA_ter', 'MÊS_ago', 'MÊS_dez', 'MÊS_jul', 'MÊS_nov', 'MÊS_out', 'MÊS_set', 'ANO_2021', 'ANO_2022', 'ANO_2024', 'ANO_2015', 'ANO_2019', 'CAMPUS_ASSIS CHATEAUBRIAND', 'CAMPUS_ASTORGA', 'CAMPUS_CAPANEMA', 'CAMPUS_CASCAVEL', 'CAMPUS_CURITIBA', 'CAMPUS_FOZ DO IGUAÇU', 'CAMPUS_GOIOERÊ', 'CAMPUS_IVAIPORÃ', 'CAMPUS_JACAREZINHO', 'CAMPUS_PALMAS', 'CAMPUS_PARANAGUÁ', 'CAMPUS_QUEDAS DO IGUAÇU', 'CAMPUS_TELÊMACO BORBA', 'CAMPUS_UMUARAMA', 'CURSOS_TEC_CONCOMITANTE', 'CURSOS_TEC_INTEGRADO', 'CURSOS_TEC_SUBSEQUENTE', 'CURSOS_POS', 'FERIADO', 'COVID', 'ORDEM', 'LAG_01', 'LAG_05', 'LAG_06', 'LAG_09', 'LAG_11', 'LAG_12');0.47665
('TEMP_MIN_MÉD_MENS', 'TEMP_MÉD_MIN_MENS', 'TEMP_MÉD_MÉD_MENS', 'TEMP_MÉD_ACC_MENS', 'PRECIPITAÇÃO_MÉD_MENS', 'TEMP_MIN_MAX_MENS', 'TEMP_MIN_ACC_MENS', 'TEMP_MAX_MIN_MENS', 'PRECIPITAÇÃO_MIN_MENS', 'TEMP_MAX_MAX_MENS', 'PRECIPITAÇÃO_MAX_MENS', 'PRECIPITAÇÃO_ACC_MENS', 'DIA_DA_SEMANA_qua', 'DIA_DA_SEMANA_seg', 'DIA_DA_SEMANA_sáb', 'DIA_DA_SEMANA_ter', 'MÊS_fev', 'MÊS_jan', 'MÊS_jul', 'MÊS_mai', 'MÊS_mar', 'MÊS_nov', 'MÊS_out', 'ANO_2021', 'ANO_2022', 'ANO_2023', 'ANO_2015', 'ANO_2016', 'ANO_2017', 'ANO_2019', 'CAMPUS_ASSIS CHATEAUBRIAND', 'CAMPUS_ASTORGA', 'CAMPUS_BARRACÃO', 'CAMPUS_CAPANEMA', 'CAMPUS_CORONEL VIVIDA', 'CAMPUS_CURITIBA', 'CAMPUS_JAGUARIAÍVA', 'CAMPUS_LONDRINA - CENTRO', 'CAMPUS_PALMAS', 'CAMPUS_PARANAGUÁ', 'CAMPUS_QUEDAS DO IGUAÇU', 'CAMPUS_UMUARAMA', 'CURSOS_TEC_INTEGRADO', 'CURSOS_GRAD_VESPERTINO', 'CURSOS_POS', 'COVID', 'GREVE', 'ORDEM', 'LAG_01', 'LAG_02', 'LAG_03', 'LAG_04', 'LAG_05', 'LAG_06', 'LAG_08', 'LAG_09', 'LAG_10', 'LAG_12');0.49552
('TEMP_MIN_MÉD_MENS', 'TEMP_MÉD_MIN_MENS', 'TEMP_MAX_MÉD_MENS', 'PRECIPITAÇÃO_MÉD_MENS', 'TEMP_MIN_MIN_MENS', 'TEMP_MIN_MAX_MENS', 'TEMP_MIN_ACC_MENS', 'TEMP_MAX_MAX_MENS', 'PRECIPITAÇÃO_MAX_MENS', 'PRECIPITAÇÃO_ACC_MENS', 'DIA_DA_SEMANA_dom', 'DIA_DA_SEMANA_qui', 'DIA_DA_SEMANA_sex', 'DIA_DA_SEMANA_sáb', 'MÊS_dez', 'MÊS_jan', 'MÊS_jul', 'MÊS_mai', 'MÊS_mar', 'MÊS_out', 'MÊS_set', 'ANO_2021', 'ANO_2022', 'ANO_2023', 'ANO_2015', 'ANO_2016', 'ANO_2017', 'ANO_2018', 'ANO_2019', 'CAMPUS_ASSIS CHATEAUBRIAND', 'CAMPUS_ASTORGA', 'CAMPUS_BARRACÃO', 'CAMPUS_CAMPO LARGO', 'CAMPUS_CAPANEMA', 'CAMPUS_CORONEL VIVIDA', 'CAMPUS_CURITIBA', 'CAMPUS_FOZ DO IGUAÇU', 'CAMPUS_GOIOERÊ', 'CAMPUS_JACAREZINHO', 'CAMPUS_JAGUARIAÍVA', 'CAMPUS_LONDRINA - CENTRO', 'CAMPUS_PALMAS', 'CAMPUS_PARANAGUÁ', 'CAMPUS_PITANGA', 'CAMPUS_QUEDAS DO IGUAÇU', 'CAMPUS_TELÊMACO BORBA', 'CURSOS_TEC_INTEGRADO', 'CURSOS_TEC_SUBSEQUENTE', 'CURSOS_GRAD_MATUTINO', 'CURSOS_GRAD_VESPERTINO', 'CURSOS_POS', 'FERIADO', 'GREVE', 'ORDEM', 'LAG_05', 'LAG_06', 'LAG_07', 'LAG_08', 'LAG_09', 'LAG_11');0.7346
('TEMP_MIN_MÉD_MENS', 'TEMP_MÉD_MIN_MENS', 'TEMP_MÉD_MÉD_MENS', 'TEMP_MÉD_MAX_MENS', 'TEMP_MÉD_ACC_MENS', 'TEMP_MAX_MÉD_MENS', 'TEMP_MIN_MAX_MENS', 'TEMP_MIN_ACC_MENS', 'TEMP_MAX_MIN_MENS', 'PRECIPITAÇÃO_MIN_MENS', 'TEMP_MAX_MAX_MENS', 'TEMP_MAX_ACC_MENS', 'PRECIPITAÇÃO_ACC_MENS', 'DIA_DA_SEMANA_dom', 'DIA_DA_SEMANA_qua', 'DIA_DA_SEMANA_qui', 'DIA_DA_SEMANA_sex', 'DIA_DA_SEMANA_ter', 'MÊS_ago', 'MÊS_dez', 'MÊS_fev', 'MÊS_jul', 'MÊS_mar', 'MÊS_nov', 'MÊS_set', 'ANO_2021', 'ANO_2023', 'ANO_2024', 'ANO_2016', 'ANO_2017', 'CAMPUS_CAMPO LARGO', 'CAMPUS_CASCAVEL', 'CAMPUS_CORONEL VIVIDA', 'CAMPUS_GOIOERÊ', 'CAMPUS_IRATI', 'CAMPUS_JACAREZINHO', 'CAMPUS_JAGUARIAÍVA', 'CAMPUS_PARANAGUÁ', 'CAMPUS_PINHAIS', 'CAMPUS_PITANGA', 'CAMPUS_QUEDAS DO IGUAÇU', 'CAMPUS_TELÊMACO BORBA', 'CAMPUS_UNIÃO DA VITÓRIA', 'CURSOS_TEC_CONCOMITANTE', 'CURSOS_TEC_INTEGRADO', 'CURSOS_GRAD_MATUTINO', 'CURSOS_GRAD_VESPERTINO', 'CURSOS_GRAD_NOTURNO', 'CURSOS_POS', 'FERIADO', 'COVID', 'GREVE', 'ORDEM', 'LAG_02', 'LAG_07', 'LAG_11');0.63868
('TEMP_MÉD_MIN_MENS', 'TEMP_MÉD_MAX_MENS', 'TEMP_MÉD_ACC_MENS', 'PRECIPITAÇÃO_MÉD_MENS', 'TEMP_MIN_MIN_MENS', 'TEMP_MIN_MAX_MENS', 'TEMP_MIN_ACC_MENS', 'TEMP_MAX_MIN_MENS', 'PRECIPITAÇÃO_MAX_MENS', 'DIA_DA_SEMANA_dom', 'DIA_DA_SEMANA_qui', 'DIA_DA_SEMANA_sex', 'DIA_DA_SEMANA_sáb', 'MÊS_ago', 'MÊS_dez', 'MÊS_fev', 'MÊS_jan', 'MÊS_jun', 'MÊS_mai', 'MÊS_nov', 'MÊS_out', 'ANO_2021', 'ANO_2022', 'ANO_2024', 'ANO_2015', 'ANO_2016', 'ANO_2018', 'ANO_2019', 'CAMPUS_ASTORGA', 'CAMPUS_CASCAVEL', 'CAMPUS_CORONEL VIVIDA', 'CAMPUS_CURITIBA', 'CAMPUS_IRATI', 'CAMPUS_JACAREZINHO', 'CAMPUS_JAGUARIAÍVA', 'CAMPUS_PARANAGUÁ', 'CAMPUS_TELÊMACO BORBA', 'CAMPUS_UMUARAMA', 'CAMPUS_UNIÃO DA VITÓRIA', 'CURSOS_TEC_CONCOMITANTE', 'CURSOS_TEC_INTEGRADO', 'CURSOS_TEC_SUBSEQUENTE', 'CURSOS_GRAD_VESPERTINO', 'FÉRIAS', 'GREVE', 'LAG_03', 'LAG_04', 'LAG_05', 'LAG_06', 'LAG_07', 'LAG_10', 'LAG_11');0.70602
('TEMP_MÉD_MIN_MENS', 'TEMP_MÉD_MÉD_MENS', 'TEMP_MÉD_MAX_MENS', 'TEMP_MÉD_ACC_MENS', 'PRECIPITAÇÃO_MÉD_MENS', 'TEMP_MIN_MAX_MENS', 'TEMP_MAX_ACC_MENS', 'PRECIPITAÇÃO_MAX_MENS', 'PRECIPITAÇÃO_ACC_MENS', 'DIA_DA_SEMANA_qua', 'DIA_DA_SEMANA_qui', 'DIA_DA_SEMANA_seg', 'DIA_DA_SEMANA_ter', 'MÊS_abr', 'MÊS_ago', 'MÊS_dez', 'MÊS_fev', 'MÊS_mai', 'MÊS_set', 'ANO_2021', 'ANO_2023', 'ANO_2015', 'ANO_2017', 'ANO_2018', 'ANO_2019', 'ANO_2020', 'CAMPUS_ASTORGA', 'CAMPUS_BARRACÃO', 'CAMPUS_CASCAVEL', 'CAMPUS_CORONEL VIVIDA', 'CAMPUS_CURITIBA', 'CAMPUS_FOZ DO IGUAÇU', 'CAMPUS_IRATI', 'CAMPUS_JACAREZINHO', 'CAMPUS_JAGUARIAÍVA', 'CAMPUS_LONDRINA - CENTRO', 'CAMPUS_PALMAS', 'CAMPUS_PARANAGUÁ', 'CAMPUS_UNIÃO DA VITÓRIA', 'CURSOS_TEC_SUBSEQUENTE', 'CURSOS_GRAD_MATUTINO', 'CURSOS_GRAD_VESPERTINO', 'CURSOS_POS', 'FÉRIAS', 'ORDEM', 'LAG_01', 'LAG_02', 'LAG_11');0.49071
('TEMP_MIN_MÉD_MENS', 'TEMP_MÉD_MIN_MENS', 'TEMP_MÉD_MÉD_MENS', 'TEMP_MÉD_MAX_MENS', 'PRECIPITAÇÃO_MÉD_MENS', 'PRECIPITAÇÃO_MIN_MENS', 'TEMP_MAX_ACC_MENS', 'PRECIPITAÇÃO_MAX_MENS', 'DIA_DA_SEMANA_dom', 'DIA_DA_SEMANA_qua', 'DIA_DA_SEMANA_sex', 'DIA_DA_SEMANA_sáb', 'DIA_DA_SEMANA_ter', 'MÊS_abr', 'MÊS_ago', 'MÊS_dez', 'MÊS_fev', 'MÊS_jan', 'MÊS_jul', 'MÊS_jun', 'MÊS_mai', 'MÊS_mar', 'MÊS_out', 'MÊS_set', 'ANO_2021', 'ANO_2022', 'ANO_2016', 'ANO_2017', 'ANO_2018', 'ANO_2019', 'ANO_2020', 'CAMPUS_ASSIS CHATEAUBRIAND', 'CAMPUS_ASTORGA', 'CAMPUS_BARRACÃO', 'CAMPUS_CAMPO LARGO', 'CAMPUS_CAPANEMA', 'CAMPUS_CURITIBA', 'CAMPUS_FOZ DO IGUAÇU', 'CAMPUS_IVAIPORÃ', 'CAMPUS_LONDRINA - CENTRO', 'CAMPUS_PALMAS', 'CAMPUS_PARANAVAÍ', 'CAMPUS_PINHAIS', 'CAMPUS_PITANGA', 'CAMPUS_QUEDAS DO IGUAÇU', 'CAMPUS_UNIÃO DA VITÓRIA', 'CURSOS_TEC_INTEGRADO', 'CURSOS_GRAD_VESPERTINO', 'CURSOS_GRAD_NOTURNO', 'FÉRIAS', 'GREVE', 'ORDEM', 'LAG_01', 'LAG_02', 'LAG_06', 'LAG_07', 'LAG_09', 'LAG_11');0.48408
('TEMP_MIN_MÉD_MENS', 'TEMP_MÉD_MIN_MENS', 'TEMP_MAX_MÉD_MENS', 'PRECIPITAÇÃO_MÉD_MENS', 'TEMP_MIN_MAX_MENS', 'TEMP_MAX_MIN_MENS', 'PRECIPITAÇÃO_MIN_MENS', 'TEMP_MAX_MAX_MENS', 'TEMP_MAX_ACC_MENS', 'DIA_DA_SEMANA_dom', 'DIA_DA_SEMANA_qui', 'DIA_DA_SEMANA_sáb', 'MÊS_ago', 'MÊS_fev', 'MÊS_jan', 'MÊS_jul', 'MÊS_mai', 'MÊS_nov', 'MÊS_set', 'ANO_2021', 'ANO_2023', 'ANO_2016', 'ANO_2017', 'ANO_2018', 'CAMPUS_ASSIS CHATEAUBRIAND', 'CAMPUS_ASTORGA', 'CAMPUS_CAMPO LARGO', 'CAMPUS_CORONEL VIVIDA', 'CAMPUS_CURITIBA', 'CAMPUS_FOZ DO IGUAÇU', 'CAMPUS_IVAIPORÃ', 'CAMPUS_JAGUARIAÍVA', 'CAMPUS_PALMAS', 'CAMPUS_PARANAGUÁ', 'CAMPUS_PARANAVAÍ', 'CAMPUS_PINHAIS', 'CAMPUS_QUEDAS DO IGUAÇU', 'CAMPUS_TELÊMACO BORBA', 'CURSOS_TEC_CONCOMITANTE', 'CURSOS_TEC_INTEGRADO', 'CURSOS_GRAD_VESPERTINO', 'CURSOS_POS', 'FÉRIAS', 'GREVE', 'ORDEM', 'LAG_01', 'LAG_02', 'LAG_03', 'LAG_04', 'LAG_05', 'LAG_08', 'LAG_10', 'LAG_11');0.50095
