;N_estimators;Max_depth;Booster;Lambda;Alpha;Fitness
0;305;190;gbtree;0.99;0.79;-0.275
1;305;190;gbtree;0.99;0.79;-0.275
2;239;66;gbtree;0.215;0.075;-0.32499999999999996
3;239;66;gbtree;0.215;0.075;-0.32499999999999996
4;239;66;gbtree;0.215;0.075;-0.32499999999999996
5;239;66;gbtree;0.215;0.075;-0.32499999999999996
6;239;66;gbtree;0.215;0.075;-0.32499999999999996
7;239;66;gbtree;0.215;0.075;-0.32499999999999996
8;239;66;gbtree;0.215;0.075;-0.32499999999999996
9;239;66;gbtree;0.215;0.075;-0.32499999999999996
10;239;66;gbtree;0.215;0.075;-0.32499999999999996
11;239;66;gbtree;0.215;0.075;-0.32499999999999996
12;239;66;gbtree;0.215;0.075;-0.32499999999999996
13;231;285;gbtree;0.905;0.295;-0.35
14;231;285;gbtree;0.905;0.295;-0.35
15;231;285;gbtree;0.905;0.295;-0.35
16;231;285;gbtree;0.905;0.295;-0.35
17;231;285;gbtree;0.905;0.295;-0.35
18;231;285;gbtree;0.905;0.295;-0.35
19;231;285;gbtree;0.905;0.295;-0.35
20;231;285;gbtree;0.905;0.295;-0.35
21;231;285;gbtree;0.905;0.295;-0.35
22;231;285;gbtree;0.905;0.295;-0.35
23;231;285;gbtree;0.905;0.295;-0.35
24;231;285;gbtree;0.905;0.295;-0.35
25;231;285;gbtree;0.905;0.295;-0.35
26;231;285;gbtree;0.905;0.295;-0.35
27;231;285;gbtree;0.905;0.295;-0.35
28;231;285;gbtree;0.905;0.295;-0.35
29;231;285;gbtree;0.905;0.295;-0.35
30;231;285;gbtree;0.905;0.295;-0.35
31;231;285;gbtree;0.905;0.295;-0.35
32;231;285;gbtree;0.905;0.295;-0.35
33;231;285;gbtree;0.905;0.295;-0.35
34;231;285;gbtree;0.905;0.295;-0.35
35;231;285;gbtree;0.905;0.295;-0.35
36;231;285;gbtree;0.905;0.295;-0.35
37;231;285;gbtree;0.905;0.295;-0.35
38;231;285;gbtree;0.905;0.295;-0.35
39;231;285;gbtree;0.905;0.295;-0.35
40;231;285;gbtree;0.905;0.295;-0.35
41;231;285;gbtree;0.905;0.295;-0.35
42;231;285;gbtree;0.905;0.295;-0.35
43;135;355;gbtree;0.39;0.05;-0.4
44;135;355;gbtree;0.39;0.05;-0.4
45;135;355;gbtree;0.39;0.05;-0.4
46;135;355;gbtree;0.39;0.05;-0.4
47;135;355;gbtree;0.39;0.05;-0.4
48;135;355;gbtree;0.39;0.05;-0.4
49;135;355;gbtree;0.39;0.05;-0.4
50;135;355;gbtree;0.39;0.05;-0.4
51;135;355;gbtree;0.39;0.05;-0.4
52;135;355;gbtree;0.39;0.05;-0.4
53;135;355;gbtree;0.39;0.05;-0.4
54;135;355;gbtree;0.39;0.05;-0.4
55;135;355;gbtree;0.39;0.05;-0.4
56;135;355;gbtree;0.39;0.05;-0.4
57;135;355;gbtree;0.39;0.05;-0.4
58;135;355;gbtree;0.39;0.05;-0.4
59;135;355;gbtree;0.39;0.05;-0.4
60;135;355;gbtree;0.39;0.05;-0.4
61;135;355;gbtree;0.39;0.05;-0.4
62;135;355;gbtree;0.39;0.05;-0.4
63;135;355;gbtree;0.39;0.05;-0.4
64;135;355;gbtree;0.39;0.05;-0.4
65;135;355;gbtree;0.39;0.05;-0.4
66;135;355;gbtree;0.39;0.05;-0.4
67;135;355;gbtree;0.39;0.05;-0.4
68;135;355;gbtree;0.39;0.05;-0.4
69;135;355;gbtree;0.39;0.05;-0.4
70;135;355;gbtree;0.39;0.05;-0.4
71;135;355;gbtree;0.39;0.05;-0.4
72;135;355;gbtree;0.39;0.05;-0.4
73;135;355;gbtree;0.39;0.05;-0.4
74;135;355;gbtree;0.39;0.05;-0.4
75;135;355;gbtree;0.39;0.05;-0.4
76;135;355;gbtree;0.39;0.05;-0.4
77;135;355;gbtree;0.39;0.05;-0.4
78;135;355;gbtree;0.39;0.05;-0.4
79;135;355;gbtree;0.39;0.05;-0.4
80;135;355;gbtree;0.39;0.05;-0.4
81;135;355;gbtree;0.39;0.05;-0.4
82;135;355;gbtree;0.39;0.05;-0.4
83;135;355;gbtree;0.39;0.05;-0.4
84;135;355;gbtree;0.39;0.05;-0.4
85;135;355;gbtree;0.39;0.05;-0.4
86;135;355;gbtree;0.39;0.05;-0.4
87;135;355;gbtree;0.39;0.05;-0.4
88;135;355;gbtree;0.39;0.05;-0.4
89;135;355;gbtree;0.39;0.05;-0.4
90;135;355;gbtree;0.39;0.05;-0.4
91;135;355;gbtree;0.39;0.05;-0.4
92;135;355;gbtree;0.39;0.05;-0.4
93;135;355;gbtree;0.39;0.05;-0.4
94;135;355;gbtree;0.39;0.05;-0.4
95;135;355;gbtree;0.39;0.05;-0.4
96;135;355;gbtree;0.39;0.05;-0.4
97;135;355;gbtree;0.39;0.05;-0.4
98;135;355;gbtree;0.39;0.05;-0.4
99;135;355;gbtree;0.39;0.05;-0.4
100;135;355;gbtree;0.39;0.05;-0.4
101;135;355;gbtree;0.39;0.05;-0.4
102;135;355;gbtree;0.39;0.05;-0.4
103;135;355;gbtree;0.39;0.05;-0.4
104;135;355;gbtree;0.39;0.05;-0.4
105;135;355;gbtree;0.39;0.05;-0.4
106;135;355;gbtree;0.39;0.05;-0.4
107;135;355;gbtree;0.39;0.05;-0.4
108;135;355;gbtree;0.39;0.05;-0.4
109;135;355;gbtree;0.39;0.05;-0.4
110;135;355;gbtree;0.39;0.05;-0.4
111;135;355;gbtree;0.39;0.05;-0.4
112;135;355;gbtree;0.39;0.05;-0.4
113;135;355;gbtree;0.39;0.05;-0.4
114;135;355;gbtree;0.39;0.05;-0.4
115;135;355;gbtree;0.39;0.05;-0.4
116;135;355;gbtree;0.39;0.05;-0.4
117;135;355;gbtree;0.39;0.05;-0.4
118;135;355;gbtree;0.39;0.05;-0.4
119;135;355;gbtree;0.39;0.05;-0.4
120;135;355;gbtree;0.39;0.05;-0.4
121;135;355;gbtree;0.39;0.05;-0.4
122;135;355;gbtree;0.39;0.05;-0.4
123;135;355;gbtree;0.39;0.05;-0.4
124;135;355;gbtree;0.39;0.05;-0.4
125;135;355;gbtree;0.39;0.05;-0.4
126;135;355;gbtree;0.39;0.05;-0.4
127;135;355;gbtree;0.39;0.05;-0.4
128;135;355;gbtree;0.39;0.05;-0.4
129;135;355;gbtree;0.39;0.05;-0.4
130;135;355;gbtree;0.39;0.05;-0.4
131;135;355;gbtree;0.39;0.05;-0.4
132;135;355;gbtree;0.39;0.05;-0.4
133;135;355;gbtree;0.39;0.05;-0.4
134;135;355;gbtree;0.39;0.05;-0.4
135;135;355;gbtree;0.39;0.05;-0.4
136;135;355;gbtree;0.39;0.05;-0.4
137;135;355;gbtree;0.39;0.05;-0.4
138;135;355;gbtree;0.39;0.05;-0.4
139;135;355;gbtree;0.39;0.05;-0.4
140;135;355;gbtree;0.39;0.05;-0.4
141;135;355;gbtree;0.39;0.05;-0.4
142;135;355;gbtree;0.39;0.05;-0.4
143;135;355;gbtree;0.39;0.05;-0.4
144;135;355;gbtree;0.39;0.05;-0.4
145;135;355;gbtree;0.39;0.05;-0.4
146;135;355;gbtree;0.39;0.05;-0.4
147;135;355;gbtree;0.39;0.05;-0.4
148;135;355;gbtree;0.39;0.05;-0.4
149;135;355;gbtree;0.39;0.05;-0.4
150;135;355;gbtree;0.39;0.05;-0.4
151;135;355;gbtree;0.39;0.05;-0.4
152;135;355;gbtree;0.39;0.05;-0.4
153;135;355;gbtree;0.39;0.05;-0.4
154;135;355;gbtree;0.39;0.05;-0.4
155;135;355;gbtree;0.39;0.05;-0.4
156;135;355;gbtree;0.39;0.05;-0.4
157;135;355;gbtree;0.39;0.05;-0.4
158;135;355;gbtree;0.39;0.05;-0.4
159;135;355;gbtree;0.39;0.05;-0.4
160;135;355;gbtree;0.39;0.05;-0.4
161;135;355;gbtree;0.39;0.05;-0.4
162;135;355;gbtree;0.39;0.05;-0.4
163;135;355;gbtree;0.39;0.05;-0.4
164;135;355;gbtree;0.39;0.05;-0.4
165;135;355;gbtree;0.39;0.05;-0.4
166;135;355;gbtree;0.39;0.05;-0.4
167;135;355;gbtree;0.39;0.05;-0.4
168;135;355;gbtree;0.39;0.05;-0.4
169;135;355;gbtree;0.39;0.05;-0.4
170;135;355;gbtree;0.39;0.05;-0.4
171;135;355;gbtree;0.39;0.05;-0.4
172;135;355;gbtree;0.39;0.05;-0.4
173;135;355;gbtree;0.39;0.05;-0.4
174;135;355;gbtree;0.39;0.05;-0.4
175;135;355;gbtree;0.39;0.05;-0.4
176;135;355;gbtree;0.39;0.05;-0.4
177;135;355;gbtree;0.39;0.05;-0.4
178;135;355;gbtree;0.39;0.05;-0.4
179;135;355;gbtree;0.39;0.05;-0.4
180;135;355;gbtree;0.39;0.05;-0.4
181;135;355;gbtree;0.39;0.05;-0.4
182;135;355;gbtree;0.39;0.05;-0.4
183;135;355;gbtree;0.39;0.05;-0.4
184;135;355;gbtree;0.39;0.05;-0.4
185;135;355;gbtree;0.39;0.05;-0.4
186;135;355;gbtree;0.39;0.05;-0.4
187;135;355;gbtree;0.39;0.05;-0.4
188;135;355;gbtree;0.39;0.05;-0.4
189;135;355;gbtree;0.39;0.05;-0.4
190;135;355;gbtree;0.39;0.05;-0.4
191;135;355;gbtree;0.39;0.05;-0.4
192;135;355;gbtree;0.39;0.05;-0.4
193;135;355;gbtree;0.39;0.05;-0.4
194;135;355;gbtree;0.39;0.05;-0.4
195;135;355;gbtree;0.39;0.05;-0.4
196;135;355;gbtree;0.39;0.05;-0.4
197;135;355;gbtree;0.39;0.05;-0.4
198;135;355;gbtree;0.39;0.05;-0.4
199;135;355;gbtree;0.39;0.05;-0.4
200;135;355;gbtree;0.39;0.05;-0.4
201;135;355;gbtree;0.39;0.05;-0.4
202;135;355;gbtree;0.39;0.05;-0.4
203;135;355;gbtree;0.39;0.05;-0.4
204;135;355;gbtree;0.39;0.05;-0.4
205;135;355;gbtree;0.39;0.05;-0.4
206;135;355;gbtree;0.39;0.05;-0.4
207;135;355;gbtree;0.39;0.05;-0.4
208;135;355;gbtree;0.39;0.05;-0.4
209;135;355;gbtree;0.39;0.05;-0.4
210;135;355;gbtree;0.39;0.05;-0.4
211;135;355;gbtree;0.39;0.05;-0.4
212;135;355;gbtree;0.39;0.05;-0.4
213;135;355;gbtree;0.39;0.05;-0.4
214;135;355;gbtree;0.39;0.05;-0.4
215;135;355;gbtree;0.39;0.05;-0.4
216;135;355;gbtree;0.39;0.05;-0.4
217;135;355;gbtree;0.39;0.05;-0.4
218;135;355;gbtree;0.39;0.05;-0.4
219;135;355;gbtree;0.39;0.05;-0.4
220;135;355;gbtree;0.39;0.05;-0.4
221;135;355;gbtree;0.39;0.05;-0.4
222;135;355;gbtree;0.39;0.05;-0.4
223;135;355;gbtree;0.39;0.05;-0.4
224;135;355;gbtree;0.39;0.05;-0.4
225;135;355;gbtree;0.39;0.05;-0.4
